design,mutant,operator,gt_verdict,diff_verdict
JC_counter,rtllm_JC_counter-m000,assignment_hold,killed,killed
JC_counter,rtllm_JC_counter-m001,assignment_hold,killed,killed
JC_counter,rtllm_JC_counter-m002,assignment_hold,killed,killed
LFSR,rtllm_LFSR-m000,bitwise_inversion,killed,killed
LFSR,rtllm_LFSR-m001,reset_polarity_flip,killed,killed
LFSR,rtllm_LFSR-m002,output_inversion,killed,killed
LFSR,rtllm_LFSR-m003,blocking_output_inversion,killed,killed
LFSR,rtllm_LFSR-m004,blocking_output_inversion,killed,killed
LIFObuffer,rtllm_LIFObuffer-m000,comparator_boundary_flip,killed,killed
LIFObuffer,rtllm_LIFObuffer-m001,comparator_boundary_flip,killed,killed
LIFObuffer,rtllm_LIFObuffer-m002,comparator_boundary_flip,killed,killed
LIFObuffer,rtllm_LIFObuffer-m003,comparator_boundary_flip,killed,killed
LIFObuffer,rtllm_LIFObuffer-m004,comparator_boundary_flip,killed,killed
LIFObuffer,rtllm_LIFObuffer-m005,comparator_boundary_flip,killed,killed
LIFObuffer,rtllm_LIFObuffer-m006,comparator_boundary_flip,killed,killed
LIFObuffer,rtllm_LIFObuffer-m007,operator_inversion,killed,killed
LIFObuffer,rtllm_LIFObuffer-m008,logic_inversion,killed,killed
LIFObuffer,rtllm_LIFObuffer-m009,logic_inversion,survived,killed
LIFObuffer,rtllm_LIFObuffer-m010,blocking_output_inversion,killed,survived
LIFObuffer,rtllm_LIFObuffer-m011,blocking_output_inversion,survived,survived
LIFObuffer,rtllm_LIFObuffer-m012,blocking_output_inversion,survived,survived
LIFObuffer,rtllm_LIFObuffer-m013,blocking_output_inversion,survived,survived
LIFObuffer,rtllm_LIFObuffer-m014,blocking_output_inversion,killed,killed
LIFObuffer,rtllm_LIFObuffer-m015,blocking_output_inversion,killed,killed
LIFObuffer,rtllm_LIFObuffer-m016,blocking_output_inversion,survived,survived
LIFObuffer,rtllm_LIFObuffer-m017,blocking_output_inversion,killed,killed
LIFObuffer,rtllm_LIFObuffer-m018,blocking_output_inversion,killed,killed
LIFObuffer,rtllm_LIFObuffer-m019,blocking_output_inversion,killed,killed
LIFObuffer,rtllm_LIFObuffer-m020,blocking_output_inversion,killed,killed
LIFObuffer,rtllm_LIFObuffer-m021,blocking_output_inversion,killed,killed
LIFObuffer,rtllm_LIFObuffer-m022,blocking_output_inversion,survived,survived
LIFObuffer,rtllm_LIFObuffer-m023,blocking_output_inversion,killed,killed
LIFObuffer,rtllm_LIFObuffer-m024,blocking_output_inversion,survived,killed
LIFObuffer,rtllm_LIFObuffer-m025,blocking_output_inversion,survived,killed
RAM,rtllm_RAM-m000,assignment_hold,survived,killed
RAM,rtllm_RAM-m001,assignment_hold,killed,killed
RAM,rtllm_RAM-m002,assignment_hold,survived,survived
RAM,rtllm_RAM-m003,assignment_hold,killed,killed
RAM,rtllm_RAM-m004,assignment_hold,killed,killed
ROM,rtllm_ROM-m000,blocking_output_inversion,killed,killed
ROM,rtllm_ROM-m001,blocking_output_inversion,killed,killed
ROM,rtllm_ROM-m002,blocking_output_inversion,killed,killed
ROM,rtllm_ROM-m003,blocking_output_inversion,killed,killed
ROM,rtllm_ROM-m004,blocking_output_inversion,killed,killed
accu,rtllm_accu-m000,comparator_boundary_flip,killed,killed
accu,rtllm_accu-m001,comparator_boundary_flip,survived,survived
accu,rtllm_accu-m002,comparator_boundary_flip,killed,killed
accu,rtllm_accu-m003,logic_inversion,killed,killed
accu,rtllm_accu-m004,logic_inversion,survived,survived
accu,rtllm_accu-m005,logic_inversion,killed,killed
accu,rtllm_accu-m006,bitwise_inversion,killed,killed
accu,rtllm_accu-m007,output_inversion,killed,killed
accu,rtllm_accu-m008,output_inversion,killed,killed
accu,rtllm_accu-m009,output_inversion,killed,killed
accu,rtllm_accu-m010,assignment_hold,killed,killed
accu,rtllm_accu-m011,assignment_hold,killed,killed
accu,rtllm_accu-m012,assignment_hold,killed,killed
accu,rtllm_accu-m013,assignment_hold,survived,survived
accu,rtllm_accu-m014,assignment_hold,survived,survived
accu,rtllm_accu-m015,assignment_hold,survived,survived
accu,rtllm_accu-m016,assignment_hold,survived,survived
accu,rtllm_accu-m017,assignment_hold,killed,killed
accu,rtllm_accu-m018,assignment_hold,killed,killed
accu,rtllm_accu-m019,assignment_hold,survived,survived
accu,rtllm_accu-m020,assignment_hold,killed,killed
accu,rtllm_accu-m021,assignment_hold,killed,killed
adder_16bit,rtllm_adder_16bit-m000,bitwise_inversion,survived,survived
adder_16bit,rtllm_adder_16bit-m001,bitwise_inversion,survived,survived
adder_16bit,rtllm_adder_16bit-m002,bitwise_inversion,survived,survived
adder_16bit,rtllm_adder_16bit-m003,bitwise_inversion,survived,survived
adder_16bit,rtllm_adder_16bit-m004,bitwise_inversion,survived,survived
adder_16bit,rtllm_adder_16bit-m005,bitwise_inversion,survived,survived
adder_16bit,rtllm_adder_16bit-m006,output_inversion,killed,killed
adder_16bit,rtllm_adder_16bit-m007,output_inversion,killed,killed
adder_32bit,rtllm_adder_32bit-m000,logic_inversion,survived,survived
adder_32bit,rtllm_adder_32bit-m001,logic_inversion,killed,killed
adder_32bit,rtllm_adder_32bit-m002,bitwise_inversion,survived,survived
adder_32bit,rtllm_adder_32bit-m003,bitwise_inversion,survived,survived
adder_32bit,rtllm_adder_32bit-m004,bitwise_inversion,survived,survived
adder_32bit,rtllm_adder_32bit-m005,bitwise_inversion,survived,survived
adder_32bit,rtllm_adder_32bit-m006,bitwise_inversion,survived,survived
adder_32bit,rtllm_adder_32bit-m007,bitwise_inversion,survived,survived
adder_32bit,rtllm_adder_32bit-m008,bitwise_inversion,survived,survived
adder_32bit,rtllm_adder_32bit-m009,bitwise_inversion,survived,survived
adder_32bit,rtllm_adder_32bit-m010,bitwise_inversion,survived,survived
adder_32bit,rtllm_adder_32bit-m011,bitwise_inversion,survived,survived
adder_32bit,rtllm_adder_32bit-m012,bitwise_inversion,survived,survived
adder_32bit,rtllm_adder_32bit-m013,bitwise_inversion,killed,killed
adder_32bit,rtllm_adder_32bit-m014,bitwise_inversion,killed,killed
adder_32bit,rtllm_adder_32bit-m015,bitwise_inversion,killed,killed
adder_32bit,rtllm_adder_32bit-m016,bitwise_inversion,killed,killed
adder_32bit,rtllm_adder_32bit-m017,bitwise_inversion,survived,survived
adder_32bit,rtllm_adder_32bit-m018,bitwise_inversion,survived,survived
adder_32bit,rtllm_adder_32bit-m019,bitwise_inversion,survived,survived
adder_32bit,rtllm_adder_32bit-m020,bitwise_inversion,survived,survived
adder_32bit,rtllm_adder_32bit-m021,bitwise_inversion,survived,survived
adder_32bit,rtllm_adder_32bit-m022,bitwise_inversion,survived,survived
adder_32bit,rtllm_adder_32bit-m023,bitwise_inversion,survived,survived
adder_32bit,rtllm_adder_32bit-m024,bitwise_inversion,survived,survived
adder_32bit,rtllm_adder_32bit-m025,bitwise_inversion,survived,survived
adder_32bit,rtllm_adder_32bit-m026,bitwise_inversion,killed,killed
adder_32bit,rtllm_adder_32bit-m027,bitwise_inversion,killed,killed
adder_32bit,rtllm_adder_32bit-m028,bitwise_inversion,survived,survived
adder_32bit,rtllm_adder_32bit-m029,bitwise_inversion,survived,survived
adder_32bit,rtllm_adder_32bit-m030,output_inversion,killed,compile_err
adder_32bit,rtllm_adder_32bit-m031,output_inversion,killed,compile_err
adder_32bit,rtllm_adder_32bit-m032,output_inversion,killed,compile_err
adder_32bit,rtllm_adder_32bit-m033,output_inversion,killed,compile_err
adder_32bit,rtllm_adder_32bit-m034,output_inversion,killed,compile_err
adder_32bit,rtllm_adder_32bit-m035,output_inversion,killed,compile_err
adder_32bit,rtllm_adder_32bit-m036,output_inversion,killed,compile_err
adder_32bit,rtllm_adder_32bit-m037,output_inversion,killed,killed
adder_32bit,rtllm_adder_32bit-m038,output_inversion,survived,survived
adder_32bit,rtllm_adder_32bit-m039,blocking_output_inversion,killed,killed
adder_32bit,rtllm_adder_32bit-m040,blocking_output_inversion,killed,killed
adder_32bit,rtllm_adder_32bit-m041,blocking_output_inversion,killed,killed
adder_32bit,rtllm_adder_32bit-m042,blocking_output_inversion,killed,killed
adder_32bit,rtllm_adder_32bit-m043,blocking_output_inversion,killed,killed
adder_32bit,rtllm_adder_32bit-m044,blocking_output_inversion,killed,killed
adder_32bit,rtllm_adder_32bit-m045,blocking_output_inversion,survived,survived
adder_8bit,rtllm_adder_8bit-m000,output_inversion,survived,killed
adder_bcd,rtllm_adder_bcd-m000,output_inversion,killed,killed
adder_bcd,rtllm_adder_bcd-m001,output_inversion,killed,killed
adder_bcd,rtllm_adder_bcd-m002,output_inversion,killed,killed
adder_bcd,rtllm_adder_bcd-m003,output_inversion,killed,killed
adder_bcd,rtllm_adder_bcd-m004,output_inversion,killed,killed
adder_pipe_64bit,rtllm_adder_pipe_64bit-m000,output_inversion,killed,killed
adder_pipe_64bit,rtllm_adder_pipe_64bit-m001,output_inversion,killed,killed
adder_pipe_64bit,rtllm_adder_pipe_64bit-m002,output_inversion,killed,killed
adder_pipe_64bit,rtllm_adder_pipe_64bit-m003,output_inversion,killed,killed
adder_pipe_64bit,rtllm_adder_pipe_64bit-m004,output_inversion,killed,killed
adder_pipe_64bit,rtllm_adder_pipe_64bit-m005,output_inversion,killed,killed
adder_pipe_64bit,rtllm_adder_pipe_64bit-m006,output_inversion,killed,killed
adder_pipe_64bit,rtllm_adder_pipe_64bit-m007,output_inversion,killed,killed
adder_pipe_64bit,rtllm_adder_pipe_64bit-m008,output_inversion,killed,killed
adder_pipe_64bit,rtllm_adder_pipe_64bit-m009,assignment_hold,killed,killed
adder_pipe_64bit,rtllm_adder_pipe_64bit-m010,assignment_hold,killed,killed
adder_pipe_64bit,rtllm_adder_pipe_64bit-m011,assignment_hold,killed,killed
adder_pipe_64bit,rtllm_adder_pipe_64bit-m012,assignment_hold,killed,survived
adder_pipe_64bit,rtllm_adder_pipe_64bit-m013,assignment_hold,indeterminate,killed
adder_pipe_64bit,rtllm_adder_pipe_64bit-m014,assignment_hold,indeterminate,killed
adder_pipe_64bit,rtllm_adder_pipe_64bit-m015,assignment_hold,indeterminate,killed
adder_pipe_64bit,rtllm_adder_pipe_64bit-m016,assignment_hold,indeterminate,killed
adder_pipe_64bit,rtllm_adder_pipe_64bit-m017,assignment_hold,survived,survived
adder_pipe_64bit,rtllm_adder_pipe_64bit-m018,assignment_hold,survived,survived
adder_pipe_64bit,rtllm_adder_pipe_64bit-m019,assignment_hold,survived,survived
adder_pipe_64bit,rtllm_adder_pipe_64bit-m020,assignment_hold,survived,survived
adder_pipe_64bit,rtllm_adder_pipe_64bit-m021,assignment_hold,survived,survived
adder_pipe_64bit,rtllm_adder_pipe_64bit-m022,assignment_hold,survived,survived
adder_pipe_64bit,rtllm_adder_pipe_64bit-m023,assignment_hold,survived,survived
adder_pipe_64bit,rtllm_adder_pipe_64bit-m024,assignment_hold,survived,survived
adder_pipe_64bit,rtllm_adder_pipe_64bit-m025,assignment_hold,survived,survived
adder_pipe_64bit,rtllm_adder_pipe_64bit-m026,assignment_hold,survived,survived
adder_pipe_64bit,rtllm_adder_pipe_64bit-m027,assignment_hold,survived,survived
adder_pipe_64bit,rtllm_adder_pipe_64bit-m028,assignment_hold,survived,survived
adder_pipe_64bit,rtllm_adder_pipe_64bit-m029,assignment_hold,killed,killed
adder_pipe_64bit,rtllm_adder_pipe_64bit-m030,assignment_hold,killed,killed
adder_pipe_64bit,rtllm_adder_pipe_64bit-m031,assignment_hold,killed,killed
adder_pipe_64bit,rtllm_adder_pipe_64bit-m032,assignment_hold,killed,killed
adder_pipe_64bit,rtllm_adder_pipe_64bit-m033,assignment_hold,killed,killed
adder_pipe_64bit,rtllm_adder_pipe_64bit-m034,assignment_hold,killed,killed
adder_pipe_64bit,rtllm_adder_pipe_64bit-m035,assignment_hold,killed,killed
adder_pipe_64bit,rtllm_adder_pipe_64bit-m036,assignment_hold,killed,killed
adder_pipe_64bit,rtllm_adder_pipe_64bit-m037,assignment_hold,killed,killed
adder_pipe_64bit,rtllm_adder_pipe_64bit-m038,assignment_hold,killed,killed
adder_pipe_64bit,rtllm_adder_pipe_64bit-m039,assignment_hold,killed,killed
adder_pipe_64bit,rtllm_adder_pipe_64bit-m040,assignment_hold,killed,killed
adder_pipe_64bit,rtllm_adder_pipe_64bit-m041,assignment_hold,survived,killed
adder_pipe_64bit,rtllm_adder_pipe_64bit-m042,assignment_hold,survived,killed
adder_pipe_64bit,rtllm_adder_pipe_64bit-m043,assignment_hold,survived,survived
adder_pipe_64bit,rtllm_adder_pipe_64bit-m044,assignment_hold,survived,killed
adder_pipe_64bit,rtllm_adder_pipe_64bit-m045,assignment_hold,survived,survived
adder_pipe_64bit,rtllm_adder_pipe_64bit-m046,assignment_hold,survived,survived
adder_pipe_64bit,rtllm_adder_pipe_64bit-m047,assignment_hold,killed,killed
adder_pipe_64bit,rtllm_adder_pipe_64bit-m048,assignment_hold,killed,killed
adder_pipe_64bit,rtllm_adder_pipe_64bit-m049,assignment_hold,killed,killed
adder_pipe_64bit,rtllm_adder_pipe_64bit-m050,assignment_hold,killed,killed
adder_pipe_64bit,rtllm_adder_pipe_64bit-m051,assignment_hold,killed,killed
adder_pipe_64bit,rtllm_adder_pipe_64bit-m052,assignment_hold,killed,killed
adder_pipe_64bit,rtllm_adder_pipe_64bit-m053,assignment_hold,survived,survived
adder_pipe_64bit,rtllm_adder_pipe_64bit-m054,assignment_hold,survived,killed
adder_pipe_64bit,rtllm_adder_pipe_64bit-m055,assignment_hold,survived,survived
adder_pipe_64bit,rtllm_adder_pipe_64bit-m056,assignment_hold,survived,killed
adder_pipe_64bit,rtllm_adder_pipe_64bit-m057,assignment_hold,survived,survived
adder_pipe_64bit,rtllm_adder_pipe_64bit-m058,assignment_hold,survived,killed
adder_pipe_64bit,rtllm_adder_pipe_64bit-m059,assignment_hold,survived,killed
adder_pipe_64bit,rtllm_adder_pipe_64bit-m060,assignment_hold,survived,killed
adder_pipe_64bit,rtllm_adder_pipe_64bit-m061,blocking_output_inversion,killed,compile_err
alu,rtllm_alu-m000,comparator_boundary_flip,survived,killed
alu,rtllm_alu-m001,comparator_boundary_flip,survived,killed
alu,rtllm_alu-m002,comparator_boundary_flip,survived,killed
alu,rtllm_alu-m003,comparator_boundary_flip,survived,killed
alu,rtllm_alu-m004,logic_inversion,survived,killed
alu,rtllm_alu-m005,bitwise_inversion,survived,killed
alu,rtllm_alu-m006,bitwise_inversion,survived,survived
alu,rtllm_alu-m007,bitwise_inversion,survived,survived
alu,rtllm_alu-m008,shift_inversion,killed,killed
alu,rtllm_alu-m009,shift_inversion,killed,killed
alu,rtllm_alu-m010,shift_inversion,killed,survived
alu,rtllm_alu-m011,shift_inversion,killed,killed
alu,rtllm_alu-m012,output_inversion,killed,killed
alu,rtllm_alu-m013,output_inversion,killed,killed
alu,rtllm_alu-m014,output_inversion,killed,killed
alu,rtllm_alu-m015,output_inversion,survived,killed
alu,rtllm_alu-m016,output_inversion,survived,killed
alu,rtllm_alu-m017,assignment_hold,killed,killed
alu,rtllm_alu-m018,assignment_hold,survived,killed
alu,rtllm_alu-m019,assignment_hold,killed,killed
alu,rtllm_alu-m020,assignment_hold,survived,killed
alu,rtllm_alu-m021,assignment_hold,killed,killed
alu,rtllm_alu-m022,assignment_hold,killed,killed
alu,rtllm_alu-m023,assignment_hold,survived,killed
alu,rtllm_alu-m024,assignment_hold,killed,killed
alu,rtllm_alu-m025,assignment_hold,killed,killed
alu,rtllm_alu-m026,assignment_hold,survived,killed
alu,rtllm_alu-m027,assignment_hold,killed,killed
alu,rtllm_alu-m028,assignment_hold,killed,killed
alu,rtllm_alu-m029,assignment_hold,survived,killed
alu,rtllm_alu-m030,assignment_hold,killed,killed
alu,rtllm_alu-m031,assignment_hold,killed,killed
alu,rtllm_alu-m032,assignment_hold,survived,killed
alu,rtllm_alu-m033,assignment_hold,killed,killed
alu,rtllm_alu-m034,assignment_hold,survived,survived
alu,rtllm_alu-m035,blocking_output_inversion,killed,killed
alu,rtllm_alu-m036,blocking_output_inversion,killed,killed
alu,rtllm_alu-m037,blocking_output_inversion,killed,killed
alu,rtllm_alu-m038,blocking_output_inversion,killed,killed
alu,rtllm_alu-m039,blocking_output_inversion,killed,killed
alu,rtllm_alu-m040,blocking_output_inversion,killed,killed
alu,rtllm_alu-m041,blocking_output_inversion,killed,killed
alu,rtllm_alu-m042,blocking_output_inversion,killed,killed
alu,rtllm_alu-m043,blocking_output_inversion,killed,killed
alu,rtllm_alu-m044,blocking_output_inversion,killed,killed
alu,rtllm_alu-m045,blocking_output_inversion,killed,killed
alu,rtllm_alu-m046,blocking_output_inversion,killed,killed
alu,rtllm_alu-m047,blocking_output_inversion,killed,killed
alu,rtllm_alu-m048,blocking_output_inversion,killed,killed
alu,rtllm_alu-m049,blocking_output_inversion,killed,killed
alu,rtllm_alu-m050,blocking_output_inversion,killed,killed
alu,rtllm_alu-m051,blocking_output_inversion,survived,survived
alu,rtllm_alu-m052,blocking_output_inversion,killed,killed
barrel_shifter,rtllm_barrel_shifter-m000,output_inversion,killed,killed
calendar,rtllm_calendar-m000,comparator_boundary_flip,killed,killed
calendar,rtllm_calendar-m001,comparator_boundary_flip,killed,survived
calendar,rtllm_calendar-m002,comparator_boundary_flip,killed,killed
calendar,rtllm_calendar-m003,assignment_hold,killed,killed
calendar,rtllm_calendar-m004,assignment_hold,killed,killed
calendar,rtllm_calendar-m005,assignment_hold,killed,killed
calendar,rtllm_calendar-m006,assignment_hold,killed,killed
calendar,rtllm_calendar-m007,assignment_hold,killed,survived
calendar,rtllm_calendar-m008,assignment_hold,killed,killed
calendar,rtllm_calendar-m009,assignment_hold,killed,killed
calendar,rtllm_calendar-m010,assignment_hold,survived,survived
calendar,rtllm_calendar-m011,assignment_hold,killed,survived
comparator_3bit,rtllm_comparator_3bit-m000,comparator_boundary_flip,killed,killed
comparator_3bit,rtllm_comparator_3bit-m001,output_inversion,killed,killed
comparator_3bit,rtllm_comparator_3bit-m002,output_inversion,killed,killed
comparator_3bit,rtllm_comparator_3bit-m003,output_inversion,killed,killed
comparator_4bit,rtllm_comparator_4bit-m000,comparator_boundary_flip,killed,killed
comparator_4bit,rtllm_comparator_4bit-m001,comparator_boundary_flip,killed,killed
comparator_4bit,rtllm_comparator_4bit-m002,logic_inversion,survived,killed
comparator_4bit,rtllm_comparator_4bit-m003,output_inversion,killed,killed
comparator_4bit,rtllm_comparator_4bit-m004,output_inversion,killed,killed
comparator_4bit,rtllm_comparator_4bit-m005,output_inversion,killed,killed
counter_12,rtllm_counter_12-m000,comparator_boundary_flip,killed,killed
counter_12,rtllm_counter_12-m001,assignment_hold,killed,killed
counter_12,rtllm_counter_12-m002,assignment_hold,survived,killed
counter_12,rtllm_counter_12-m003,assignment_hold,killed,killed
div_16bit,rtllm_div_16bit-m000,shift_inversion,killed,killed
div_16bit,rtllm_div_16bit-m001,output_inversion,killed,killed
div_16bit,rtllm_div_16bit-m002,output_inversion,killed,killed
div_16bit,rtllm_div_16bit-m003,blocking_output_inversion,killed,killed
div_16bit,rtllm_div_16bit-m004,blocking_output_inversion,killed,killed
div_16bit,rtllm_div_16bit-m005,blocking_output_inversion,killed,killed
div_16bit,rtllm_div_16bit-m006,blocking_output_inversion,killed,killed
div_16bit,rtllm_div_16bit-m007,blocking_output_inversion,killed,killed
div_16bit,rtllm_div_16bit-m008,blocking_output_inversion,killed,killed
div_16bit,rtllm_div_16bit-m009,blocking_output_inversion,killed,killed
edge_detect,rtllm_edge_detect-m000,assignment_hold,survived,survived
edge_detect,rtllm_edge_detect-m001,assignment_hold,survived,survived
edge_detect,rtllm_edge_detect-m002,assignment_hold,survived,killed
edge_detect,rtllm_edge_detect-m003,assignment_hold,survived,killed
edge_detect,rtllm_edge_detect-m004,assignment_hold,survived,killed
edge_detect,rtllm_edge_detect-m005,assignment_hold,survived,killed
edge_detect,rtllm_edge_detect-m006,assignment_hold,survived,killed
edge_detect,rtllm_edge_detect-m007,assignment_hold,survived,killed
edge_detect,rtllm_edge_detect-m008,assignment_hold,survived,killed
edge_detect,rtllm_edge_detect-m009,assignment_hold,survived,killed
fixed_point_adder,rtllm_fixed_point_adder-m000,comparator_boundary_flip,survived,killed
fixed_point_adder,rtllm_fixed_point_adder-m001,comparator_boundary_flip,survived,killed
fixed_point_adder,rtllm_fixed_point_adder-m002,comparator_boundary_flip,survived,killed
fixed_point_adder,rtllm_fixed_point_adder-m003,comparator_boundary_flip,survived,killed
fixed_point_adder,rtllm_fixed_point_adder-m004,comparator_boundary_flip,survived,killed
fixed_point_adder,rtllm_fixed_point_adder-m005,logic_inversion,survived,survived
fixed_point_adder,rtllm_fixed_point_adder-m006,output_inversion,survived,killed
fixed_point_adder,rtllm_fixed_point_adder-m007,blocking_output_inversion,killed,compile_err
fixed_point_adder,rtllm_fixed_point_adder-m008,blocking_output_inversion,survived,killed
fixed_point_adder,rtllm_fixed_point_adder-m009,blocking_output_inversion,survived,killed
fixed_point_adder,rtllm_fixed_point_adder-m010,blocking_output_inversion,survived,killed
fixed_point_adder,rtllm_fixed_point_adder-m011,blocking_output_inversion,survived,killed
fixed_point_adder,rtllm_fixed_point_adder-m012,blocking_output_inversion,survived,killed
fixed_point_adder,rtllm_fixed_point_adder-m013,blocking_output_inversion,survived,survived
fixed_point_adder,rtllm_fixed_point_adder-m014,blocking_output_inversion,survived,killed
fixed_point_adder,rtllm_fixed_point_adder-m015,blocking_output_inversion,survived,killed
fixed_point_adder,rtllm_fixed_point_adder-m016,blocking_output_inversion,survived,survived
fixed_point_adder,rtllm_fixed_point_adder-m017,blocking_output_inversion,survived,killed
fixed_point_adder,rtllm_fixed_point_adder-m018,blocking_output_inversion,survived,killed
fixed_point_adder,rtllm_fixed_point_adder-m019,blocking_output_inversion,survived,killed
fixed_point_substractor,rtllm_fixed_point_substractor-m000,comparator_boundary_flip,survived,killed
fixed_point_substractor,rtllm_fixed_point_substractor-m001,comparator_boundary_flip,survived,killed
fixed_point_substractor,rtllm_fixed_point_substractor-m002,comparator_boundary_flip,survived,killed
fixed_point_substractor,rtllm_fixed_point_substractor-m003,comparator_boundary_flip,survived,killed
fixed_point_substractor,rtllm_fixed_point_substractor-m004,comparator_boundary_flip,survived,killed
fixed_point_substractor,rtllm_fixed_point_substractor-m005,logic_inversion,survived,survived
fixed_point_substractor,rtllm_fixed_point_substractor-m006,output_inversion,survived,killed
fixed_point_substractor,rtllm_fixed_point_substractor-m007,blocking_output_inversion,killed,compile_err
fixed_point_substractor,rtllm_fixed_point_substractor-m008,blocking_output_inversion,survived,killed
fixed_point_substractor,rtllm_fixed_point_substractor-m009,blocking_output_inversion,survived,killed
fixed_point_substractor,rtllm_fixed_point_substractor-m010,blocking_output_inversion,survived,killed
fixed_point_substractor,rtllm_fixed_point_substractor-m011,blocking_output_inversion,survived,killed
fixed_point_substractor,rtllm_fixed_point_substractor-m012,blocking_output_inversion,survived,killed
fixed_point_substractor,rtllm_fixed_point_substractor-m013,blocking_output_inversion,survived,survived
fixed_point_substractor,rtllm_fixed_point_substractor-m014,blocking_output_inversion,survived,killed
fixed_point_substractor,rtllm_fixed_point_substractor-m015,blocking_output_inversion,survived,killed
fixed_point_substractor,rtllm_fixed_point_substractor-m016,blocking_output_inversion,survived,killed
fixed_point_substractor,rtllm_fixed_point_substractor-m017,blocking_output_inversion,survived,killed
fixed_point_substractor,rtllm_fixed_point_substractor-m018,blocking_output_inversion,survived,killed
fixed_point_substractor,rtllm_fixed_point_substractor-m019,blocking_output_inversion,survived,killed
float_multi,rtllm_float_multi-m000,comparator_boundary_flip,killed,killed
float_multi,rtllm_float_multi-m001,comparator_boundary_flip,killed,killed
float_multi,rtllm_float_multi-m002,comparator_boundary_flip,killed,killed
float_multi,rtllm_float_multi-m003,comparator_boundary_flip,killed,killed
float_multi,rtllm_float_multi-m004,comparator_boundary_flip,killed,killed
float_multi,rtllm_float_multi-m005,comparator_boundary_flip,survived,survived
float_multi,rtllm_float_multi-m006,comparator_boundary_flip,survived,survived
float_multi,rtllm_float_multi-m007,comparator_boundary_flip,killed,killed
float_multi,rtllm_float_multi-m008,comparator_boundary_flip,survived,survived
float_multi,rtllm_float_multi-m009,comparator_boundary_flip,survived,survived
float_multi,rtllm_float_multi-m010,comparator_boundary_flip,survived,killed
float_multi,rtllm_float_multi-m011,comparator_boundary_flip,survived,killed
float_multi,rtllm_float_multi-m012,comparator_boundary_flip,survived,killed
float_multi,rtllm_float_multi-m013,comparator_boundary_flip,survived,killed
float_multi,rtllm_float_multi-m014,comparator_boundary_flip,killed,killed
float_multi,rtllm_float_multi-m015,comparator_boundary_flip,killed,killed
float_multi,rtllm_float_multi-m016,comparator_boundary_flip,killed,killed
float_multi,rtllm_float_multi-m017,comparator_boundary_flip,survived,killed
float_multi,rtllm_float_multi-m018,comparator_boundary_flip,survived,killed
float_multi,rtllm_float_multi-m019,comparator_boundary_flip,killed,killed
float_multi,rtllm_float_multi-m020,comparator_boundary_flip,killed,killed
float_multi,rtllm_float_multi-m021,comparator_boundary_flip,survived,killed
float_multi,rtllm_float_multi-m022,comparator_boundary_flip,survived,killed
float_multi,rtllm_float_multi-m023,comparator_boundary_flip,survived,killed
float_multi,rtllm_float_multi-m024,comparator_boundary_flip,survived,killed
float_multi,rtllm_float_multi-m025,comparator_boundary_flip,survived,killed
float_multi,rtllm_float_multi-m026,comparator_boundary_flip,survived,killed
float_multi,rtllm_float_multi-m027,comparator_boundary_flip,survived,killed
float_multi,rtllm_float_multi-m028,logic_inversion,killed,killed
float_multi,rtllm_float_multi-m029,logic_inversion,killed,killed
float_multi,rtllm_float_multi-m030,logic_inversion,survived,survived
float_multi,rtllm_float_multi-m031,logic_inversion,survived,survived
float_multi,rtllm_float_multi-m032,logic_inversion,survived,killed
float_multi,rtllm_float_multi-m033,logic_inversion,survived,killed
float_multi,rtllm_float_multi-m034,logic_inversion,survived,killed
float_multi,rtllm_float_multi-m035,logic_inversion,survived,killed
float_multi,rtllm_float_multi-m036,logic_inversion,survived,killed
float_multi,rtllm_float_multi-m037,bitwise_inversion,survived,survived
float_multi,rtllm_float_multi-m038,bitwise_inversion,survived,survived
float_multi,rtllm_float_multi-m039,bitwise_inversion,survived,survived
float_multi,rtllm_float_multi-m040,bitwise_inversion,survived,survived
float_multi,rtllm_float_multi-m041,bitwise_inversion,survived,killed
float_multi,rtllm_float_multi-m042,bitwise_inversion,survived,survived
float_multi,rtllm_float_multi-m043,bitwise_inversion,survived,killed
float_multi,rtllm_float_multi-m044,bitwise_inversion,survived,killed
float_multi,rtllm_float_multi-m045,shift_inversion,survived,killed
float_multi,rtllm_float_multi-m046,shift_inversion,survived,killed
float_multi,rtllm_float_multi-m047,shift_inversion,killed,killed
float_multi,rtllm_float_multi-m048,shift_inversion,survived,killed
float_multi,rtllm_float_multi-m049,reset_polarity_flip,killed,killed
float_multi,rtllm_float_multi-m050,assignment_hold,killed,killed
float_multi,rtllm_float_multi-m051,assignment_hold,killed,killed
float_multi,rtllm_float_multi-m052,assignment_hold,killed,killed
float_multi,rtllm_float_multi-m053,assignment_hold,killed,killed
float_multi,rtllm_float_multi-m054,assignment_hold,killed,killed
float_multi,rtllm_float_multi-m055,assignment_hold,killed,killed
float_multi,rtllm_float_multi-m056,assignment_hold,killed,killed
float_multi,rtllm_float_multi-m057,assignment_hold,survived,survived
float_multi,rtllm_float_multi-m058,assignment_hold,survived,killed
float_multi,rtllm_float_multi-m059,assignment_hold,survived,killed
float_multi,rtllm_float_multi-m060,assignment_hold,survived,killed
float_multi,rtllm_float_multi-m061,assignment_hold,survived,survived
float_multi,rtllm_float_multi-m062,assignment_hold,survived,survived
float_multi,rtllm_float_multi-m063,assignment_hold,survived,survived
float_multi,rtllm_float_multi-m064,assignment_hold,survived,survived
float_multi,rtllm_float_multi-m065,assignment_hold,survived,survived
float_multi,rtllm_float_multi-m066,assignment_hold,survived,survived
float_multi,rtllm_float_multi-m067,assignment_hold,survived,survived
float_multi,rtllm_float_multi-m068,assignment_hold,survived,survived
float_multi,rtllm_float_multi-m069,assignment_hold,survived,survived
float_multi,rtllm_float_multi-m070,assignment_hold,survived,survived
float_multi,rtllm_float_multi-m071,assignment_hold,survived,survived
float_multi,rtllm_float_multi-m072,assignment_hold,survived,survived
float_multi,rtllm_float_multi-m073,assignment_hold,survived,survived
float_multi,rtllm_float_multi-m074,assignment_hold,survived,survived
float_multi,rtllm_float_multi-m075,assignment_hold,survived,killed
float_multi,rtllm_float_multi-m076,assignment_hold,survived,killed
float_multi,rtllm_float_multi-m077,assignment_hold,survived,killed
float_multi,rtllm_float_multi-m078,assignment_hold,survived,killed
float_multi,rtllm_float_multi-m079,assignment_hold,survived,survived
float_multi,rtllm_float_multi-m080,assignment_hold,survived,survived
float_multi,rtllm_float_multi-m081,assignment_hold,survived,killed
float_multi,rtllm_float_multi-m082,assignment_hold,killed,killed
float_multi,rtllm_float_multi-m083,assignment_hold,survived,killed
float_multi,rtllm_float_multi-m084,assignment_hold,killed,killed
float_multi,rtllm_float_multi-m085,assignment_hold,survived,killed
float_multi,rtllm_float_multi-m086,assignment_hold,survived,killed
float_multi,rtllm_float_multi-m087,assignment_hold,survived,killed
float_multi,rtllm_float_multi-m088,assignment_hold,survived,killed
float_multi,rtllm_float_multi-m089,assignment_hold,killed,killed
float_multi,rtllm_float_multi-m090,assignment_hold,killed,killed
float_multi,rtllm_float_multi-m091,assignment_hold,killed,killed
float_multi,rtllm_float_multi-m092,assignment_hold,killed,killed
float_multi,rtllm_float_multi-m093,assignment_hold,survived,killed
float_multi,rtllm_float_multi-m094,assignment_hold,survived,survived
float_multi,rtllm_float_multi-m095,assignment_hold,survived,killed
float_multi,rtllm_float_multi-m096,assignment_hold,survived,killed
float_multi,rtllm_float_multi-m097,assignment_hold,survived,killed
float_multi,rtllm_float_multi-m098,assignment_hold,survived,survived
float_multi,rtllm_float_multi-m099,assignment_hold,survived,survived
float_multi,rtllm_float_multi-m100,assignment_hold,survived,survived
float_multi,rtllm_float_multi-m101,assignment_hold,killed,killed
float_multi,rtllm_float_multi-m102,assignment_hold,killed,killed
float_multi,rtllm_float_multi-m103,assignment_hold,survived,killed
float_multi,rtllm_float_multi-m104,assignment_hold,survived,survived
float_multi,rtllm_float_multi-m105,assignment_hold,survived,survived
float_multi,rtllm_float_multi-m106,assignment_hold,survived,killed
float_multi,rtllm_float_multi-m107,assignment_hold,survived,survived
float_multi,rtllm_float_multi-m108,assignment_hold,killed,killed
float_multi,rtllm_float_multi-m109,assignment_hold,killed,killed
float_multi,rtllm_float_multi-m110,assignment_hold,killed,killed
float_multi,rtllm_float_multi-m111,assignment_hold,survived,killed
float_multi,rtllm_float_multi-m112,assignment_hold,survived,killed
float_multi,rtllm_float_multi-m113,assignment_hold,survived,killed
float_multi,rtllm_float_multi-m114,assignment_hold,survived,killed
freq_div,rtllm_freq_div-m000,assignment_hold,killed,killed
freq_div,rtllm_freq_div-m001,assignment_hold,killed,killed
freq_div,rtllm_freq_div-m002,assignment_hold,killed,killed
freq_div,rtllm_freq_div-m003,assignment_hold,killed,killed
freq_div,rtllm_freq_div-m004,assignment_hold,killed,killed
freq_div,rtllm_freq_div-m005,assignment_hold,killed,killed
freq_div,rtllm_freq_div-m006,assignment_hold,killed,killed
freq_div,rtllm_freq_div-m007,assignment_hold,killed,killed
freq_div,rtllm_freq_div-m008,assignment_hold,killed,killed
freq_div,rtllm_freq_div-m009,assignment_hold,killed,killed
freq_div,rtllm_freq_div-m010,assignment_hold,killed,killed
freq_div,rtllm_freq_div-m011,assignment_hold,killed,killed
freq_divbyeven,rtllm_freq_divbyeven-m000,operator_inversion,killed,killed
freq_divbyeven,rtllm_freq_divbyeven-m001,assignment_hold,killed,killed
freq_divbyeven,rtllm_freq_divbyeven-m002,assignment_hold,killed,killed
freq_divbyeven,rtllm_freq_divbyeven-m003,assignment_hold,killed,killed
freq_divbyeven,rtllm_freq_divbyeven-m004,assignment_hold,killed,killed
freq_divbyeven,rtllm_freq_divbyeven-m005,assignment_hold,killed,killed
freq_divbyeven,rtllm_freq_divbyeven-m006,blocking_output_inversion,killed,killed
freq_divbyfrac,rtllm_freq_divbyfrac-m000,comparator_boundary_flip,killed,killed
freq_divbyfrac,rtllm_freq_divbyfrac-m001,comparator_boundary_flip,killed,killed
freq_divbyfrac,rtllm_freq_divbyfrac-m002,comparator_boundary_flip,killed,killed
freq_divbyfrac,rtllm_freq_divbyfrac-m003,comparator_boundary_flip,killed,killed
freq_divbyfrac,rtllm_freq_divbyfrac-m004,comparator_boundary_flip,killed,killed
freq_divbyfrac,rtllm_freq_divbyfrac-m005,operator_inversion,killed,killed
freq_divbyfrac,rtllm_freq_divbyfrac-m006,bitwise_inversion,killed,killed
freq_divbyfrac,rtllm_freq_divbyfrac-m007,output_inversion,killed,killed
freq_divbyfrac,rtllm_freq_divbyfrac-m008,assignment_hold,killed,killed
freq_divbyfrac,rtllm_freq_divbyfrac-m009,assignment_hold,killed,killed
freq_divbyfrac,rtllm_freq_divbyfrac-m010,assignment_hold,killed,killed
freq_divbyfrac,rtllm_freq_divbyfrac-m011,assignment_hold,survived,survived
freq_divbyfrac,rtllm_freq_divbyfrac-m012,assignment_hold,killed,survived
freq_divbyfrac,rtllm_freq_divbyfrac-m013,assignment_hold,killed,killed
freq_divbyfrac,rtllm_freq_divbyfrac-m014,assignment_hold,killed,killed
freq_divbyfrac,rtllm_freq_divbyfrac-m015,assignment_hold,survived,survived
freq_divbyfrac,rtllm_freq_divbyfrac-m016,assignment_hold,killed,survived
freq_divbyfrac,rtllm_freq_divbyfrac-m017,assignment_hold,killed,killed
freq_divbyfrac,rtllm_freq_divbyfrac-m018,assignment_hold,killed,killed
freq_divbyfrac,rtllm_freq_divbyfrac-m019,blocking_output_inversion,killed,killed
freq_divbyodd,rtllm_freq_divbyodd-m000,operator_inversion,killed,killed
freq_divbyodd,rtllm_freq_divbyodd-m001,operator_inversion,killed,killed
freq_divbyodd,rtllm_freq_divbyodd-m002,bitwise_inversion,killed,killed
freq_divbyodd,rtllm_freq_divbyodd-m003,output_inversion,killed,killed
freq_divbyodd,rtllm_freq_divbyodd-m004,assignment_hold,killed,killed
freq_divbyodd,rtllm_freq_divbyodd-m005,assignment_hold,killed,killed
freq_divbyodd,rtllm_freq_divbyodd-m006,assignment_hold,killed,survived
freq_divbyodd,rtllm_freq_divbyodd-m007,assignment_hold,survived,survived
freq_divbyodd,rtllm_freq_divbyodd-m008,assignment_hold,killed,survived
freq_divbyodd,rtllm_freq_divbyodd-m009,assignment_hold,killed,killed
freq_divbyodd,rtllm_freq_divbyodd-m010,assignment_hold,killed,killed
freq_divbyodd,rtllm_freq_divbyodd-m011,assignment_hold,killed,killed
freq_divbyodd,rtllm_freq_divbyodd-m012,assignment_hold,killed,survived
freq_divbyodd,rtllm_freq_divbyodd-m013,assignment_hold,survived,survived
freq_divbyodd,rtllm_freq_divbyodd-m014,assignment_hold,killed,survived
freq_divbyodd,rtllm_freq_divbyodd-m015,assignment_hold,killed,killed
freq_divbyodd,rtllm_freq_divbyodd-m016,blocking_output_inversion,killed,killed
fsm,rtllm_fsm-m000,comparator_boundary_flip,killed,killed
fsm,rtllm_fsm-m001,comparator_boundary_flip,killed,killed
fsm,rtllm_fsm-m002,logic_inversion,killed,killed
fsm,rtllm_fsm-m003,assignment_hold,killed,killed
fsm,rtllm_fsm-m004,assignment_hold,killed,killed
fsm,rtllm_fsm-m005,assignment_hold,survived,survived
fsm,rtllm_fsm-m006,assignment_hold,killed,killed
fsm,rtllm_fsm-m007,assignment_hold,killed,killed
fsm,rtllm_fsm-m008,blocking_output_inversion,survived,survived
fsm,rtllm_fsm-m009,blocking_output_inversion,survived,survived
fsm,rtllm_fsm-m010,blocking_output_inversion,killed,killed
fsm,rtllm_fsm-m011,blocking_output_inversion,killed,killed
fsm,rtllm_fsm-m012,blocking_output_inversion,killed,killed
fsm,rtllm_fsm-m013,blocking_output_inversion,killed,killed
fsm,rtllm_fsm-m014,blocking_output_inversion,killed,killed
fsm,rtllm_fsm-m015,blocking_output_inversion,killed,killed
fsm,rtllm_fsm-m016,blocking_output_inversion,killed,killed
fsm,rtllm_fsm-m017,blocking_output_inversion,killed,killed
fsm,rtllm_fsm-m018,blocking_output_inversion,killed,killed
fsm,rtllm_fsm-m019,blocking_output_inversion,survived,killed
fsm,rtllm_fsm-m020,blocking_output_inversion,survived,killed
fsm,rtllm_fsm-m021,blocking_output_inversion,killed,killed
fsm,rtllm_fsm-m022,blocking_output_inversion,survived,killed
fsm,rtllm_fsm-m023,blocking_output_inversion,killed,killed
fsm,rtllm_fsm-m024,blocking_output_inversion,killed,killed
fsm,rtllm_fsm-m025,blocking_output_inversion,survived,killed
instr_reg,rtllm_instr_reg-m000,comparator_boundary_flip,killed,killed
instr_reg,rtllm_instr_reg-m001,comparator_boundary_flip,survived,killed
instr_reg,rtllm_instr_reg-m002,reset_polarity_flip,killed,killed
instr_reg,rtllm_instr_reg-m003,output_inversion,killed,killed
instr_reg,rtllm_instr_reg-m004,output_inversion,killed,killed
instr_reg,rtllm_instr_reg-m005,output_inversion,killed,killed
instr_reg,rtllm_instr_reg-m006,assignment_hold,killed,killed
instr_reg,rtllm_instr_reg-m007,assignment_hold,survived,killed
multi_16bit,rtllm_multi_16bit-m000,comparator_boundary_flip,killed,killed
multi_16bit,rtllm_multi_16bit-m001,comparator_boundary_flip,survived,survived
multi_16bit,rtllm_multi_16bit-m002,comparator_boundary_flip,killed,killed
multi_16bit,rtllm_multi_16bit-m003,operator_inversion,killed,killed
multi_16bit,rtllm_multi_16bit-m004,logic_inversion,killed,killed
multi_16bit,rtllm_multi_16bit-m005,logic_inversion,survived,survived
multi_16bit,rtllm_multi_16bit-m006,shift_inversion,killed,killed
multi_16bit,rtllm_multi_16bit-m007,output_inversion,killed,killed
multi_16bit,rtllm_multi_16bit-m008,output_inversion,killed,killed
multi_16bit,rtllm_multi_16bit-m009,assignment_hold,survived,survived
multi_16bit,rtllm_multi_16bit-m010,assignment_hold,killed,killed
multi_16bit,rtllm_multi_16bit-m011,assignment_hold,survived,killed
multi_16bit,rtllm_multi_16bit-m012,assignment_hold,killed,killed
multi_16bit,rtllm_multi_16bit-m013,assignment_hold,killed,survived
multi_16bit,rtllm_multi_16bit-m014,assignment_hold,survived,survived
multi_16bit,rtllm_multi_16bit-m015,assignment_hold,survived,survived
multi_16bit,rtllm_multi_16bit-m016,assignment_hold,survived,survived
multi_16bit,rtllm_multi_16bit-m017,assignment_hold,killed,killed
multi_16bit,rtllm_multi_16bit-m018,assignment_hold,killed,killed
multi_16bit,rtllm_multi_16bit-m019,assignment_hold,killed,killed
multi_16bit,rtllm_multi_16bit-m020,assignment_hold,killed,killed
multi_8bit,rtllm_multi_8bit-m000,comparator_boundary_flip,killed,killed
multi_8bit,rtllm_multi_8bit-m001,shift_inversion,killed,killed
multi_8bit,rtllm_multi_8bit-m002,blocking_output_inversion,killed,killed
multi_8bit,rtllm_multi_8bit-m003,blocking_output_inversion,killed,killed
multi_8bit,rtllm_multi_8bit-m004,blocking_output_inversion,killed,killed
multi_8bit,rtllm_multi_8bit-m005,blocking_output_inversion,killed,killed
multi_8bit,rtllm_multi_8bit-m006,blocking_output_inversion,killed,killed
multi_booth_8bit,rtllm_multi_booth_8bit-m000,comparator_boundary_flip,killed,killed
multi_booth_8bit,rtllm_multi_booth_8bit-m001,shift_inversion,killed,killed
multi_booth_8bit,rtllm_multi_booth_8bit-m002,assignment_hold,killed,killed
multi_booth_8bit,rtllm_multi_booth_8bit-m003,assignment_hold,killed,killed
multi_booth_8bit,rtllm_multi_booth_8bit-m004,assignment_hold,killed,killed
multi_booth_8bit,rtllm_multi_booth_8bit-m005,assignment_hold,killed,killed
multi_booth_8bit,rtllm_multi_booth_8bit-m006,assignment_hold,killed,killed
multi_booth_8bit,rtllm_multi_booth_8bit-m007,assignment_hold,killed,killed
multi_booth_8bit,rtllm_multi_booth_8bit-m008,assignment_hold,killed,killed
multi_booth_8bit,rtllm_multi_booth_8bit-m009,assignment_hold,indeterminate,killed
multi_booth_8bit,rtllm_multi_booth_8bit-m010,assignment_hold,indeterminate,killed
multi_pipe_4bit,rtllm_multi_pipe_4bit-m000,shift_inversion,killed,killed
multi_pipe_4bit,rtllm_multi_pipe_4bit-m001,output_inversion,killed,killed
multi_pipe_4bit,rtllm_multi_pipe_4bit-m002,output_inversion,survived,survived
multi_pipe_4bit,rtllm_multi_pipe_4bit-m003,assignment_hold,killed,killed
multi_pipe_4bit,rtllm_multi_pipe_4bit-m004,assignment_hold,killed,killed
multi_pipe_4bit,rtllm_multi_pipe_4bit-m005,assignment_hold,killed,killed
multi_pipe_4bit,rtllm_multi_pipe_4bit-m006,assignment_hold,killed,killed
multi_pipe_4bit,rtllm_multi_pipe_4bit-m007,assignment_hold,survived,survived
multi_pipe_4bit,rtllm_multi_pipe_4bit-m008,assignment_hold,killed,killed
multi_pipe_4bit,rtllm_multi_pipe_4bit-m009,blocking_output_inversion,killed,compile_err
multi_pipe_4bit,rtllm_multi_pipe_4bit-m010,blocking_output_inversion,survived,survived
multi_pipe_4bit,rtllm_multi_pipe_4bit-m011,blocking_output_inversion,killed,killed
multi_pipe_8bit,rtllm_multi_pipe_8bit-m000,assignment_hold,survived,killed
multi_pipe_8bit,rtllm_multi_pipe_8bit-m001,assignment_hold,survived,survived
multi_pipe_8bit,rtllm_multi_pipe_8bit-m002,assignment_hold,indeterminate,killed
multi_pipe_8bit,rtllm_multi_pipe_8bit-m003,assignment_hold,indeterminate,killed
multi_pipe_8bit,rtllm_multi_pipe_8bit-m004,assignment_hold,survived,survived
multi_pipe_8bit,rtllm_multi_pipe_8bit-m005,assignment_hold,survived,survived
multi_pipe_8bit,rtllm_multi_pipe_8bit-m006,assignment_hold,killed,killed
multi_pipe_8bit,rtllm_multi_pipe_8bit-m007,assignment_hold,killed,killed
multi_pipe_8bit,rtllm_multi_pipe_8bit-m008,assignment_hold,survived,survived
multi_pipe_8bit,rtllm_multi_pipe_8bit-m009,assignment_hold,survived,survived
multi_pipe_8bit,rtllm_multi_pipe_8bit-m010,assignment_hold,survived,survived
multi_pipe_8bit,rtllm_multi_pipe_8bit-m011,assignment_hold,survived,survived
multi_pipe_8bit,rtllm_multi_pipe_8bit-m012,assignment_hold,killed,killed
multi_pipe_8bit,rtllm_multi_pipe_8bit-m013,assignment_hold,killed,killed
multi_pipe_8bit,rtllm_multi_pipe_8bit-m014,assignment_hold,killed,killed
multi_pipe_8bit,rtllm_multi_pipe_8bit-m015,assignment_hold,killed,killed
multi_pipe_8bit,rtllm_multi_pipe_8bit-m016,assignment_hold,survived,survived
multi_pipe_8bit,rtllm_multi_pipe_8bit-m017,assignment_hold,killed,killed
multi_pipe_8bit,rtllm_multi_pipe_8bit-m018,assignment_hold,survived,survived
multi_pipe_8bit,rtllm_multi_pipe_8bit-m019,assignment_hold,killed,killed
multi_pipe_8bit,rtllm_multi_pipe_8bit-m020,assignment_hold,survived,killed
multi_pipe_8bit,rtllm_multi_pipe_8bit-m021,blocking_output_inversion,killed,compile_err
multi_pipe_8bit,rtllm_multi_pipe_8bit-m022,blocking_output_inversion,killed,killed
multi_pipe_8bit,rtllm_multi_pipe_8bit-m023,blocking_output_inversion,killed,killed
multi_pipe_8bit,rtllm_multi_pipe_8bit-m024,blocking_output_inversion,killed,killed
multi_pipe_8bit,rtllm_multi_pipe_8bit-m025,blocking_output_inversion,killed,killed
multi_pipe_8bit,rtllm_multi_pipe_8bit-m026,blocking_output_inversion,killed,killed
multi_pipe_8bit,rtllm_multi_pipe_8bit-m027,blocking_output_inversion,killed,killed
multi_pipe_8bit,rtllm_multi_pipe_8bit-m028,blocking_output_inversion,killed,killed
multi_pipe_8bit,rtllm_multi_pipe_8bit-m029,blocking_output_inversion,killed,killed
parallel2serial,rtllm_parallel2serial-m000,comparator_boundary_flip,killed,killed
parallel2serial,rtllm_parallel2serial-m001,output_inversion,killed,killed
parallel2serial,rtllm_parallel2serial-m002,output_inversion,killed,killed
parallel2serial,rtllm_parallel2serial-m003,assignment_hold,survived,survived
parallel2serial,rtllm_parallel2serial-m004,assignment_hold,indeterminate,killed
parallel2serial,rtllm_parallel2serial-m005,assignment_hold,survived,survived
parallel2serial,rtllm_parallel2serial-m006,assignment_hold,killed,killed
parallel2serial,rtllm_parallel2serial-m007,assignment_hold,killed,killed
parallel2serial,rtllm_parallel2serial-m008,assignment_hold,indeterminate,killed
parallel2serial,rtllm_parallel2serial-m009,assignment_hold,indeterminate,killed
parallel2serial,rtllm_parallel2serial-m010,assignment_hold,killed,killed
parallel2serial,rtllm_parallel2serial-m011,assignment_hold,killed,killed
parallel2serial,rtllm_parallel2serial-m012,blocking_output_inversion,survived,survived
pe,rtllm_pe-m000,reset_polarity_flip,killed,killed
pe,rtllm_pe-m001,output_inversion,killed,killed
pe,rtllm_pe-m002,assignment_hold,killed,killed
pulse_detect,rtllm_pulse_detect-m000,comparator_boundary_flip,killed,survived
pulse_detect,rtllm_pulse_detect-m001,comparator_boundary_flip,killed,killed
pulse_detect,rtllm_pulse_detect-m002,comparator_boundary_flip,killed,survived
pulse_detect,rtllm_pulse_detect-m003,comparator_boundary_flip,killed,killed
pulse_detect,rtllm_pulse_detect-m004,comparator_boundary_flip,killed,killed
pulse_detect,rtllm_pulse_detect-m005,comparator_boundary_flip,killed,killed
pulse_detect,rtllm_pulse_detect-m006,logic_inversion,killed,killed
pulse_detect,rtllm_pulse_detect-m007,assignment_hold,killed,survived
pulse_detect,rtllm_pulse_detect-m008,assignment_hold,killed,survived
pulse_detect,rtllm_pulse_detect-m009,blocking_output_inversion,killed,survived
pulse_detect,rtllm_pulse_detect-m010,blocking_output_inversion,killed,killed
pulse_detect,rtllm_pulse_detect-m011,blocking_output_inversion,killed,killed
pulse_detect,rtllm_pulse_detect-m012,blocking_output_inversion,killed,survived
pulse_detect,rtllm_pulse_detect-m013,blocking_output_inversion,killed,killed
pulse_detect,rtllm_pulse_detect-m014,blocking_output_inversion,survived,survived
pulse_detect,rtllm_pulse_detect-m015,blocking_output_inversion,killed,survived
pulse_detect,rtllm_pulse_detect-m016,blocking_output_inversion,killed,killed
pulse_detect,rtllm_pulse_detect-m017,blocking_output_inversion,killed,survived
pulse_detect,rtllm_pulse_detect-m018,blocking_output_inversion,survived,survived
pulse_detect,rtllm_pulse_detect-m019,blocking_output_inversion,killed,survived
pulse_detect,rtllm_pulse_detect-m020,blocking_output_inversion,survived,killed
pulse_detect,rtllm_pulse_detect-m021,blocking_output_inversion,killed,survived
pulse_detect,rtllm_pulse_detect-m022,blocking_output_inversion,killed,survived
pulse_detect,rtllm_pulse_detect-m023,blocking_output_inversion,killed,killed
right_shifter,rtllm_right_shifter-m000,shift_inversion,killed,killed
right_shifter,rtllm_right_shifter-m001,assignment_hold,killed,killed
right_shifter,rtllm_right_shifter-m002,assignment_hold,killed,killed
right_shifter,rtllm_right_shifter-m003,blocking_output_inversion,survived,killed
sequence_detector,rtllm_sequence_detector-m000,output_inversion,killed,killed
sequence_detector,rtllm_sequence_detector-m001,assignment_hold,survived,survived
sequence_detector,rtllm_sequence_detector-m002,assignment_hold,killed,killed
sequence_detector,rtllm_sequence_detector-m003,assignment_hold,survived,survived
sequence_detector,rtllm_sequence_detector-m004,blocking_output_inversion,survived,survived
sequence_detector,rtllm_sequence_detector-m005,blocking_output_inversion,survived,survived
sequence_detector,rtllm_sequence_detector-m006,blocking_output_inversion,survived,survived
sequence_detector,rtllm_sequence_detector-m007,blocking_output_inversion,survived,survived
sequence_detector,rtllm_sequence_detector-m008,blocking_output_inversion,survived,survived
sequence_detector,rtllm_sequence_detector-m009,blocking_output_inversion,killed,killed
sequence_detector,rtllm_sequence_detector-m010,blocking_output_inversion,killed,killed
sequence_detector,rtllm_sequence_detector-m011,blocking_output_inversion,killed,killed
sequence_detector,rtllm_sequence_detector-m012,blocking_output_inversion,killed,killed
sequence_detector,rtllm_sequence_detector-m013,blocking_output_inversion,killed,killed
sequence_detector,rtllm_sequence_detector-m014,blocking_output_inversion,survived,survived
serial2parallel,rtllm_serial2parallel-m000,comparator_boundary_flip,indeterminate,killed
serial2parallel,rtllm_serial2parallel-m001,comparator_boundary_flip,killed,killed
serial2parallel,rtllm_serial2parallel-m002,logic_inversion,survived,survived
serial2parallel,rtllm_serial2parallel-m003,assignment_hold,indeterminate,survived
serial2parallel,rtllm_serial2parallel-m004,assignment_hold,indeterminate,killed
serial2parallel,rtllm_serial2parallel-m005,assignment_hold,survived,killed
serial2parallel,rtllm_serial2parallel-m006,assignment_hold,survived,survived
serial2parallel,rtllm_serial2parallel-m007,assignment_hold,killed,compile_err
serial2parallel,rtllm_serial2parallel-m008,assignment_hold,survived,survived
serial2parallel,rtllm_serial2parallel-m009,assignment_hold,survived,killed
serial2parallel,rtllm_serial2parallel-m010,assignment_hold,indeterminate,killed
serial2parallel,rtllm_serial2parallel-m011,assignment_hold,killed,killed
serial2parallel,rtllm_serial2parallel-m012,assignment_hold,killed,killed
signal_generator,rtllm_signal_generator-m000,comparator_boundary_flip,killed,killed
signal_generator,rtllm_signal_generator-m001,comparator_boundary_flip,killed,killed
signal_generator,rtllm_signal_generator-m002,assignment_hold,killed,killed
signal_generator,rtllm_signal_generator-m003,assignment_hold,killed,killed
signal_generator,rtllm_signal_generator-m004,assignment_hold,killed,killed
signal_generator,rtllm_signal_generator-m005,assignment_hold,killed,killed
signal_generator,rtllm_signal_generator-m006,assignment_hold,killed,killed
signal_generator,rtllm_signal_generator-m007,assignment_hold,killed,killed
square_wave,rtllm_square_wave-m000,comparator_boundary_flip,survived,killed
square_wave,rtllm_square_wave-m001,assignment_hold,survived,killed
square_wave,rtllm_square_wave-m002,assignment_hold,survived,killed
square_wave,rtllm_square_wave-m003,assignment_hold,survived,killed
square_wave,rtllm_square_wave-m004,blocking_output_inversion,survived,killed
square_wave,rtllm_square_wave-m005,blocking_output_inversion,survived,killed
sub_64bit,rtllm_sub_64bit-m000,comparator_boundary_flip,survived,killed
sub_64bit,rtllm_sub_64bit-m001,comparator_boundary_flip,survived,killed
sub_64bit,rtllm_sub_64bit-m002,logic_inversion,survived,killed
sub_64bit,rtllm_sub_64bit-m003,blocking_output_inversion,killed,killed
sub_64bit,rtllm_sub_64bit-m004,blocking_output_inversion,survived,killed
sub_64bit,rtllm_sub_64bit-m005,blocking_output_inversion,survived,killed
synchronizer,rtllm_synchronizer-m000,assignment_hold,survived,survived
synchronizer,rtllm_synchronizer-m001,assignment_hold,killed,survived
synchronizer,rtllm_synchronizer-m002,assignment_hold,survived,killed
synchronizer,rtllm_synchronizer-m003,assignment_hold,killed,survived
synchronizer,rtllm_synchronizer-m004,assignment_hold,survived,killed
synchronizer,rtllm_synchronizer-m005,assignment_hold,killed,survived
synchronizer,rtllm_synchronizer-m006,assignment_hold,survived,killed
synchronizer,rtllm_synchronizer-m007,assignment_hold,killed,survived
synchronizer,rtllm_synchronizer-m008,assignment_hold,survived,killed
synchronizer,rtllm_synchronizer-m009,assignment_hold,killed,survived
traffic_light,rtllm_traffic_light-m000,comparator_boundary_flip,killed,killed
traffic_light,rtllm_traffic_light-m001,comparator_boundary_flip,survived,killed
traffic_light,rtllm_traffic_light-m002,comparator_boundary_flip,killed,killed
traffic_light,rtllm_traffic_light-m003,output_inversion,killed,killed
traffic_light,rtllm_traffic_light-m004,assignment_hold,killed,killed
traffic_light,rtllm_traffic_light-m005,assignment_hold,survived,killed
traffic_light,rtllm_traffic_light-m006,assignment_hold,survived,killed
traffic_light,rtllm_traffic_light-m007,assignment_hold,survived,killed
traffic_light,rtllm_traffic_light-m008,assignment_hold,survived,survived
traffic_light,rtllm_traffic_light-m009,assignment_hold,survived,survived
traffic_light,rtllm_traffic_light-m010,assignment_hold,survived,survived
traffic_light,rtllm_traffic_light-m011,assignment_hold,killed,killed
traffic_light,rtllm_traffic_light-m012,assignment_hold,killed,killed
traffic_light,rtllm_traffic_light-m013,assignment_hold,survived,survived
traffic_light,rtllm_traffic_light-m014,assignment_hold,survived,killed
traffic_light,rtllm_traffic_light-m015,assignment_hold,killed,killed
traffic_light,rtllm_traffic_light-m016,assignment_hold,survived,survived
traffic_light,rtllm_traffic_light-m017,assignment_hold,survived,survived
traffic_light,rtllm_traffic_light-m018,assignment_hold,killed,killed
traffic_light,rtllm_traffic_light-m019,assignment_hold,killed,killed
traffic_light,rtllm_traffic_light-m020,assignment_hold,killed,killed
traffic_light,rtllm_traffic_light-m021,assignment_hold,survived,survived
traffic_light,rtllm_traffic_light-m022,assignment_hold,killed,killed
traffic_light,rtllm_traffic_light-m023,assignment_hold,killed,killed
traffic_light,rtllm_traffic_light-m024,assignment_hold,survived,survived
traffic_light,rtllm_traffic_light-m025,assignment_hold,killed,killed
traffic_light,rtllm_traffic_light-m026,assignment_hold,survived,survived
traffic_light,rtllm_traffic_light-m027,assignment_hold,survived,killed
traffic_light,rtllm_traffic_light-m028,assignment_hold,killed,killed
traffic_light,rtllm_traffic_light-m029,assignment_hold,killed,killed
traffic_light,rtllm_traffic_light-m030,assignment_hold,killed,killed
traffic_light,rtllm_traffic_light-m031,assignment_hold,killed,killed
traffic_light,rtllm_traffic_light-m032,assignment_hold,killed,killed
traffic_light,rtllm_traffic_light-m033,assignment_hold,survived,survived
traffic_light,rtllm_traffic_light-m034,assignment_hold,survived,survived
traffic_light,rtllm_traffic_light-m035,assignment_hold,survived,survived
traffic_light,rtllm_traffic_light-m036,assignment_hold,killed,killed
traffic_light,rtllm_traffic_light-m037,assignment_hold,killed,killed
traffic_light,rtllm_traffic_light-m038,assignment_hold,killed,killed
traffic_light,rtllm_traffic_light-m039,blocking_output_inversion,killed,killed
up_down_counter,rtllm_up_down_counter-m000,comparator_boundary_flip,killed,killed
up_down_counter,rtllm_up_down_counter-m001,comparator_boundary_flip,killed,killed
up_down_counter,rtllm_up_down_counter-m002,assignment_hold,killed,killed
up_down_counter,rtllm_up_down_counter-m003,assignment_hold,killed,killed
up_down_counter,rtllm_up_down_counter-m004,assignment_hold,killed,killed
up_down_counter,rtllm_up_down_counter-m005,assignment_hold,killed,killed
up_down_counter,rtllm_up_down_counter-m006,assignment_hold,killed,killed
width_8to16,rtllm_width_8to16-m000,logic_inversion,survived,survived
width_8to16,rtllm_width_8to16-m001,logic_inversion,survived,killed
width_8to16,rtllm_width_8to16-m002,logic_inversion,survived,killed
width_8to16,rtllm_width_8to16-m003,assignment_hold,survived,survived
width_8to16,rtllm_width_8to16-m004,assignment_hold,killed,killed
width_8to16,rtllm_width_8to16-m005,assignment_hold,killed,killed
width_8to16,rtllm_width_8to16-m006,assignment_hold,killed,killed
width_8to16,rtllm_width_8to16-m007,assignment_hold,killed,survived
width_8to16,rtllm_width_8to16-m008,assignment_hold,killed,killed
width_8to16,rtllm_width_8to16-m009,assignment_hold,survived,killed
width_8to16,rtllm_width_8to16-m010,assignment_hold,survived,killed
width_8to16,rtllm_width_8to16-m011,assignment_hold,killed,killed
