model,design,sample,seed1,seed2,seed3
qwen25-coder-32b,JC_counter,s00,fail,fail,fail
qwen25-coder-32b,JC_counter,s01,fail,fail,fail
qwen25-coder-32b,JC_counter,s02,fail,fail,fail
qwen25-coder-32b,JC_counter,s03,fail,fail,fail
qwen25-coder-32b,JC_counter,s04,fail,fail,fail
qwen25-coder-32b,JC_counter,s05,fail,fail,fail
qwen25-coder-32b,JC_counter,s06,fail,fail,fail
qwen25-coder-32b,JC_counter,s07,fail,fail,fail
qwen25-coder-32b,JC_counter,s08,fail,fail,fail
qwen25-coder-32b,JC_counter,s09,fail,fail,fail
qwen25-coder-32b,LFSR,s00,pass,pass,pass
qwen25-coder-32b,LFSR,s01,pass,pass,pass
qwen25-coder-32b,LFSR,s02,fail,fail,fail
qwen25-coder-32b,LFSR,s03,pass,pass,pass
qwen25-coder-32b,LFSR,s04,pass,pass,pass
qwen25-coder-32b,LFSR,s05,pass,pass,pass
qwen25-coder-32b,LFSR,s06,pass,pass,pass
qwen25-coder-32b,LFSR,s07,pass,pass,pass
qwen25-coder-32b,LFSR,s08,pass,pass,pass
qwen25-coder-32b,LFSR,s09,pass,pass,pass
qwen25-coder-32b,RAM,s00,fail,fail,fail
qwen25-coder-32b,RAM,s01,fail,fail,fail
qwen25-coder-32b,RAM,s02,fail,fail,fail
qwen25-coder-32b,RAM,s03,fail,fail,fail
qwen25-coder-32b,RAM,s04,fail,fail,fail
qwen25-coder-32b,RAM,s05,fail,fail,fail
qwen25-coder-32b,RAM,s06,fail,fail,fail
qwen25-coder-32b,RAM,s07,fail,fail,fail
qwen25-coder-32b,RAM,s08,fail,fail,fail
qwen25-coder-32b,RAM,s09,fail,fail,fail
qwen25-coder-32b,ROM,s00,pass,pass,pass
qwen25-coder-32b,ROM,s01,fail,fail,fail
qwen25-coder-32b,ROM,s02,pass,pass,pass
qwen25-coder-32b,ROM,s03,fail,fail,fail
qwen25-coder-32b,ROM,s04,fail,fail,fail
qwen25-coder-32b,ROM,s05,fail,fail,fail
qwen25-coder-32b,ROM,s06,pass,pass,pass
qwen25-coder-32b,ROM,s07,pass,pass,pass
qwen25-coder-32b,ROM,s08,pass,pass,pass
qwen25-coder-32b,ROM,s09,fail,fail,fail
qwen25-coder-32b,accu,s00,fail,fail,fail
qwen25-coder-32b,accu,s01,fail,fail,fail
qwen25-coder-32b,accu,s02,fail,fail,fail
qwen25-coder-32b,accu,s03,fail,fail,fail
qwen25-coder-32b,accu,s04,fail,fail,fail
qwen25-coder-32b,accu,s05,fail,fail,fail
qwen25-coder-32b,accu,s06,fail,fail,fail
qwen25-coder-32b,accu,s07,fail,fail,fail
qwen25-coder-32b,accu,s08,fail,fail,fail
qwen25-coder-32b,accu,s09,fail,fail,fail
qwen25-coder-32b,adder_16bit,s00,fail,fail,fail
qwen25-coder-32b,adder_16bit,s01,fail,fail,fail
qwen25-coder-32b,adder_16bit,s02,fail,fail,fail
qwen25-coder-32b,adder_16bit,s03,fail,fail,fail
qwen25-coder-32b,adder_16bit,s04,fail,fail,fail
qwen25-coder-32b,adder_16bit,s05,pass,pass,pass
qwen25-coder-32b,adder_16bit,s06,fail,fail,fail
qwen25-coder-32b,adder_16bit,s07,fail,fail,fail
qwen25-coder-32b,adder_16bit,s08,fail,fail,fail
qwen25-coder-32b,adder_16bit,s09,fail,fail,fail
qwen25-coder-32b,adder_32bit,s00,fail,fail,fail
qwen25-coder-32b,adder_32bit,s01,fail,fail,fail
qwen25-coder-32b,adder_32bit,s02,fail,fail,fail
qwen25-coder-32b,adder_32bit,s03,fail,fail,fail
qwen25-coder-32b,adder_32bit,s04,fail,fail,fail
qwen25-coder-32b,adder_32bit,s05,fail,fail,fail
qwen25-coder-32b,adder_32bit,s06,fail,fail,fail
qwen25-coder-32b,adder_32bit,s07,fail,fail,fail
qwen25-coder-32b,adder_32bit,s08,fail,fail,fail
qwen25-coder-32b,adder_32bit,s09,fail,fail,fail
qwen25-coder-32b,adder_8bit,s00,fail,fail,fail
qwen25-coder-32b,adder_8bit,s01,fail,fail,fail
qwen25-coder-32b,adder_8bit,s02,fail,fail,fail
qwen25-coder-32b,adder_8bit,s03,pass,pass,pass
qwen25-coder-32b,adder_8bit,s04,pass,pass,pass
qwen25-coder-32b,adder_8bit,s05,pass,pass,pass
qwen25-coder-32b,adder_8bit,s06,pass,pass,pass
qwen25-coder-32b,adder_8bit,s07,pass,pass,pass
qwen25-coder-32b,adder_8bit,s08,fail,fail,fail
qwen25-coder-32b,adder_8bit,s09,pass,pass,pass
qwen25-coder-32b,adder_bcd,s00,fail,fail,fail
qwen25-coder-32b,adder_bcd,s01,fail,fail,fail
qwen25-coder-32b,adder_bcd,s02,fail,fail,fail
qwen25-coder-32b,adder_bcd,s03,fail,fail,fail
qwen25-coder-32b,adder_bcd,s04,pass,pass,pass
qwen25-coder-32b,adder_bcd,s05,fail,fail,fail
qwen25-coder-32b,adder_bcd,s06,fail,fail,fail
qwen25-coder-32b,adder_bcd,s07,pass,pass,pass
qwen25-coder-32b,adder_bcd,s08,fail,fail,fail
qwen25-coder-32b,adder_bcd,s09,pass,pass,pass
qwen25-coder-32b,adder_pipe_64bit,s00,fail,fail,fail
qwen25-coder-32b,adder_pipe_64bit,s01,fail,fail,fail
qwen25-coder-32b,adder_pipe_64bit,s02,fail,fail,fail
qwen25-coder-32b,adder_pipe_64bit,s03,fail,fail,fail
qwen25-coder-32b,adder_pipe_64bit,s04,fail,fail,fail
qwen25-coder-32b,adder_pipe_64bit,s05,fail,fail,fail
qwen25-coder-32b,adder_pipe_64bit,s06,fail,fail,fail
qwen25-coder-32b,adder_pipe_64bit,s07,fail,fail,fail
qwen25-coder-32b,adder_pipe_64bit,s08,fail,fail,fail
qwen25-coder-32b,adder_pipe_64bit,s09,fail,fail,fail
qwen25-coder-32b,alu,s00,fail,fail,fail
qwen25-coder-32b,alu,s01,fail,fail,fail
qwen25-coder-32b,alu,s02,fail,fail,fail
qwen25-coder-32b,alu,s03,fail,fail,fail
qwen25-coder-32b,alu,s04,fail,fail,fail
qwen25-coder-32b,alu,s05,fail,fail,fail
qwen25-coder-32b,alu,s06,fail,fail,fail
qwen25-coder-32b,alu,s07,fail,fail,fail
qwen25-coder-32b,alu,s08,fail,fail,fail
qwen25-coder-32b,alu,s09,fail,fail,fail
qwen25-coder-32b,barrel_shifter,s00,fail,fail,fail
qwen25-coder-32b,barrel_shifter,s01,fail,fail,fail
qwen25-coder-32b,barrel_shifter,s02,fail,fail,fail
qwen25-coder-32b,barrel_shifter,s03,fail,fail,fail
qwen25-coder-32b,barrel_shifter,s04,fail,fail,fail
qwen25-coder-32b,barrel_shifter,s05,fail,fail,fail
qwen25-coder-32b,barrel_shifter,s06,fail,fail,fail
qwen25-coder-32b,barrel_shifter,s07,fail,fail,fail
qwen25-coder-32b,barrel_shifter,s08,fail,fail,fail
qwen25-coder-32b,barrel_shifter,s09,fail,fail,fail
qwen25-coder-32b,calendar,s00,pass,pass,pass
qwen25-coder-32b,calendar,s01,pass,pass,pass
qwen25-coder-32b,calendar,s02,pass,pass,pass
qwen25-coder-32b,calendar,s03,pass,pass,pass
qwen25-coder-32b,calendar,s04,pass,pass,pass
qwen25-coder-32b,calendar,s05,pass,pass,pass
qwen25-coder-32b,calendar,s06,pass,pass,pass
qwen25-coder-32b,calendar,s07,pass,pass,pass
qwen25-coder-32b,calendar,s08,pass,pass,pass
qwen25-coder-32b,calendar,s09,pass,pass,pass
qwen25-coder-32b,comparator_3bit,s00,pass,pass,pass
qwen25-coder-32b,comparator_3bit,s01,pass,pass,pass
qwen25-coder-32b,comparator_3bit,s02,fail,fail,fail
qwen25-coder-32b,comparator_3bit,s03,pass,pass,pass
qwen25-coder-32b,comparator_3bit,s04,pass,pass,pass
qwen25-coder-32b,comparator_3bit,s05,pass,pass,pass
qwen25-coder-32b,comparator_3bit,s06,pass,pass,pass
qwen25-coder-32b,comparator_3bit,s07,pass,pass,pass
qwen25-coder-32b,comparator_3bit,s08,pass,pass,pass
qwen25-coder-32b,comparator_3bit,s09,pass,pass,pass
qwen25-coder-32b,comparator_4bit,s00,fail,fail,fail
qwen25-coder-32b,comparator_4bit,s01,fail,fail,fail
qwen25-coder-32b,comparator_4bit,s02,pass,pass,pass
qwen25-coder-32b,comparator_4bit,s03,fail,fail,fail
qwen25-coder-32b,comparator_4bit,s04,fail,fail,fail
qwen25-coder-32b,comparator_4bit,s05,fail,fail,fail
qwen25-coder-32b,comparator_4bit,s06,fail,fail,fail
qwen25-coder-32b,comparator_4bit,s07,pass,pass,pass
qwen25-coder-32b,comparator_4bit,s08,pass,pass,pass
qwen25-coder-32b,comparator_4bit,s09,fail,fail,fail
qwen25-coder-32b,counter_12,s00,pass,pass,pass
qwen25-coder-32b,counter_12,s01,pass,pass,pass
qwen25-coder-32b,counter_12,s02,pass,pass,pass
qwen25-coder-32b,counter_12,s03,pass,pass,pass
qwen25-coder-32b,counter_12,s04,pass,pass,pass
qwen25-coder-32b,counter_12,s05,pass,pass,pass
qwen25-coder-32b,counter_12,s06,pass,pass,pass
qwen25-coder-32b,counter_12,s07,pass,pass,pass
qwen25-coder-32b,counter_12,s08,pass,pass,pass
qwen25-coder-32b,counter_12,s09,pass,pass,pass
qwen25-coder-32b,div_16bit,s00,fail,fail,fail
qwen25-coder-32b,div_16bit,s01,fail,fail,fail
qwen25-coder-32b,div_16bit,s02,pass,pass,pass
qwen25-coder-32b,div_16bit,s03,fail,fail,fail
qwen25-coder-32b,div_16bit,s04,fail,fail,fail
qwen25-coder-32b,div_16bit,s05,fail,fail,fail
qwen25-coder-32b,div_16bit,s06,fail,fail,fail
qwen25-coder-32b,div_16bit,s07,fail,fail,fail
qwen25-coder-32b,div_16bit,s08,fail,fail,fail
qwen25-coder-32b,div_16bit,s09,fail,fail,fail
qwen25-coder-32b,edge_detect,s00,pass,pass,pass
qwen25-coder-32b,edge_detect,s01,pass,pass,pass
qwen25-coder-32b,edge_detect,s02,pass,pass,pass
qwen25-coder-32b,edge_detect,s03,pass,pass,pass
qwen25-coder-32b,edge_detect,s04,pass,pass,pass
qwen25-coder-32b,edge_detect,s05,pass,pass,pass
qwen25-coder-32b,edge_detect,s06,pass,pass,pass
qwen25-coder-32b,edge_detect,s07,pass,pass,pass
qwen25-coder-32b,edge_detect,s08,pass,pass,pass
qwen25-coder-32b,edge_detect,s09,fail,fail,fail
qwen25-coder-32b,fixed_point_adder,s00,fail,fail,fail
qwen25-coder-32b,fixed_point_adder,s01,fail,fail,fail
qwen25-coder-32b,fixed_point_adder,s02,fail,fail,fail
qwen25-coder-32b,fixed_point_adder,s03,fail,fail,fail
qwen25-coder-32b,fixed_point_adder,s04,fail,fail,fail
qwen25-coder-32b,fixed_point_adder,s05,fail,fail,fail
qwen25-coder-32b,fixed_point_adder,s06,fail,fail,fail
qwen25-coder-32b,fixed_point_adder,s07,fail,fail,fail
qwen25-coder-32b,fixed_point_adder,s08,fail,fail,fail
qwen25-coder-32b,fixed_point_adder,s09,fail,fail,fail
qwen25-coder-32b,fixed_point_substractor,s00,fail,fail,fail
qwen25-coder-32b,fixed_point_substractor,s01,fail,fail,fail
qwen25-coder-32b,fixed_point_substractor,s02,fail,fail,fail
qwen25-coder-32b,fixed_point_substractor,s03,fail,fail,fail
qwen25-coder-32b,fixed_point_substractor,s04,fail,fail,fail
qwen25-coder-32b,fixed_point_substractor,s05,fail,fail,fail
qwen25-coder-32b,fixed_point_substractor,s06,fail,fail,fail
qwen25-coder-32b,fixed_point_substractor,s07,fail,fail,fail
qwen25-coder-32b,fixed_point_substractor,s08,fail,fail,fail
qwen25-coder-32b,fixed_point_substractor,s09,fail,fail,fail
qwen25-coder-32b,float_multi,s00,fail,fail,fail
qwen25-coder-32b,float_multi,s01,fail,fail,fail
qwen25-coder-32b,float_multi,s02,fail,fail,fail
qwen25-coder-32b,float_multi,s03,fail,fail,fail
qwen25-coder-32b,float_multi,s04,fail,fail,fail
qwen25-coder-32b,float_multi,s05,fail,fail,fail
qwen25-coder-32b,float_multi,s06,fail,fail,fail
qwen25-coder-32b,float_multi,s07,fail,fail,fail
qwen25-coder-32b,float_multi,s08,fail,fail,fail
qwen25-coder-32b,float_multi,s09,fail,fail,fail
qwen25-coder-32b,freq_div,s00,pass,pass,pass
qwen25-coder-32b,freq_div,s01,fail,fail,fail
qwen25-coder-32b,freq_div,s02,pass,pass,pass
qwen25-coder-32b,freq_div,s03,pass,pass,pass
qwen25-coder-32b,freq_div,s04,pass,pass,pass
qwen25-coder-32b,freq_div,s05,pass,pass,pass
qwen25-coder-32b,freq_div,s06,pass,pass,pass
qwen25-coder-32b,freq_div,s07,pass,pass,pass
qwen25-coder-32b,freq_div,s08,pass,pass,pass
qwen25-coder-32b,freq_div,s09,pass,pass,pass
qwen25-coder-32b,freq_divbyeven,s00,fail,fail,fail
qwen25-coder-32b,freq_divbyeven,s01,fail,fail,fail
qwen25-coder-32b,freq_divbyeven,s02,fail,fail,fail
qwen25-coder-32b,freq_divbyeven,s03,fail,fail,fail
qwen25-coder-32b,freq_divbyeven,s04,fail,fail,fail
qwen25-coder-32b,freq_divbyeven,s05,fail,fail,fail
qwen25-coder-32b,freq_divbyeven,s06,fail,fail,fail
qwen25-coder-32b,freq_divbyeven,s07,fail,fail,fail
qwen25-coder-32b,freq_divbyeven,s08,fail,fail,fail
qwen25-coder-32b,freq_divbyeven,s09,fail,fail,fail
qwen25-coder-32b,freq_divbyfrac,s00,fail,fail,fail
qwen25-coder-32b,freq_divbyfrac,s01,fail,fail,fail
qwen25-coder-32b,freq_divbyfrac,s02,fail,fail,fail
qwen25-coder-32b,freq_divbyfrac,s03,fail,fail,fail
qwen25-coder-32b,freq_divbyfrac,s04,fail,fail,fail
qwen25-coder-32b,freq_divbyfrac,s05,fail,fail,fail
qwen25-coder-32b,freq_divbyfrac,s06,fail,fail,fail
qwen25-coder-32b,freq_divbyfrac,s07,fail,fail,fail
qwen25-coder-32b,freq_divbyfrac,s08,fail,fail,fail
qwen25-coder-32b,freq_divbyfrac,s09,fail,fail,fail
qwen25-coder-32b,freq_divbyodd,s00,fail,fail,fail
qwen25-coder-32b,freq_divbyodd,s01,fail,fail,fail
qwen25-coder-32b,freq_divbyodd,s02,fail,fail,fail
qwen25-coder-32b,freq_divbyodd,s03,fail,fail,fail
qwen25-coder-32b,freq_divbyodd,s04,fail,fail,fail
qwen25-coder-32b,freq_divbyodd,s05,fail,fail,fail
qwen25-coder-32b,freq_divbyodd,s06,fail,fail,fail
qwen25-coder-32b,freq_divbyodd,s07,fail,fail,fail
qwen25-coder-32b,freq_divbyodd,s08,fail,fail,fail
qwen25-coder-32b,freq_divbyodd,s09,fail,fail,fail
qwen25-coder-32b,fsm,s00,fail,fail,fail
qwen25-coder-32b,fsm,s01,fail,fail,fail
qwen25-coder-32b,fsm,s02,fail,fail,fail
qwen25-coder-32b,fsm,s03,fail,fail,fail
qwen25-coder-32b,fsm,s04,fail,fail,fail
qwen25-coder-32b,fsm,s05,fail,fail,fail
qwen25-coder-32b,fsm,s06,fail,fail,fail
qwen25-coder-32b,fsm,s07,fail,fail,fail
qwen25-coder-32b,fsm,s08,fail,fail,fail
qwen25-coder-32b,fsm,s09,fail,fail,fail
qwen25-coder-32b,instr_reg,s00,pass,pass,pass
qwen25-coder-32b,instr_reg,s01,pass,pass,pass
qwen25-coder-32b,instr_reg,s02,pass,pass,pass
qwen25-coder-32b,instr_reg,s03,fail,fail,fail
qwen25-coder-32b,instr_reg,s04,pass,pass,pass
qwen25-coder-32b,instr_reg,s05,fail,fail,fail
qwen25-coder-32b,instr_reg,s06,pass,pass,pass
qwen25-coder-32b,instr_reg,s07,pass,pass,pass
qwen25-coder-32b,instr_reg,s08,pass,pass,pass
qwen25-coder-32b,instr_reg,s09,pass,pass,pass
qwen25-coder-32b,multi_16bit,s00,pass,pass,pass
qwen25-coder-32b,multi_16bit,s01,fail,fail,fail
qwen25-coder-32b,multi_16bit,s02,pass,pass,pass
qwen25-coder-32b,multi_16bit,s03,fail,fail,fail
qwen25-coder-32b,multi_16bit,s04,pass,pass,pass
qwen25-coder-32b,multi_16bit,s05,fail,fail,fail
qwen25-coder-32b,multi_16bit,s06,fail,fail,fail
qwen25-coder-32b,multi_16bit,s07,fail,fail,fail
qwen25-coder-32b,multi_16bit,s08,pass,pass,pass
qwen25-coder-32b,multi_16bit,s09,pass,pass,pass
qwen25-coder-32b,multi_8bit,s00,pass,pass,pass
qwen25-coder-32b,multi_8bit,s01,pass,pass,pass
qwen25-coder-32b,multi_8bit,s02,fail,fail,fail
qwen25-coder-32b,multi_8bit,s03,pass,pass,pass
qwen25-coder-32b,multi_8bit,s04,pass,pass,pass
qwen25-coder-32b,multi_8bit,s05,fail,fail,fail
qwen25-coder-32b,multi_8bit,s06,pass,pass,pass
qwen25-coder-32b,multi_8bit,s07,pass,pass,pass
qwen25-coder-32b,multi_8bit,s08,pass,pass,pass
qwen25-coder-32b,multi_8bit,s09,fail,fail,fail
qwen25-coder-32b,multi_booth_8bit,s00,fail,fail,fail
qwen25-coder-32b,multi_booth_8bit,s01,pass,pass,pass
qwen25-coder-32b,multi_booth_8bit,s02,fail,fail,fail
qwen25-coder-32b,multi_booth_8bit,s03,pass,pass,pass
qwen25-coder-32b,multi_booth_8bit,s04,fail,fail,fail
qwen25-coder-32b,multi_booth_8bit,s05,fail,fail,fail
qwen25-coder-32b,multi_booth_8bit,s06,fail,fail,fail
qwen25-coder-32b,multi_booth_8bit,s07,fail,fail,fail
qwen25-coder-32b,multi_booth_8bit,s08,fail,fail,fail
qwen25-coder-32b,multi_booth_8bit,s09,pass,pass,pass
qwen25-coder-32b,multi_pipe_4bit,s00,fail,fail,fail
qwen25-coder-32b,multi_pipe_4bit,s01,fail,fail,fail
qwen25-coder-32b,multi_pipe_4bit,s02,fail,fail,fail
qwen25-coder-32b,multi_pipe_4bit,s03,fail,fail,fail
qwen25-coder-32b,multi_pipe_4bit,s04,fail,fail,fail
qwen25-coder-32b,multi_pipe_4bit,s05,fail,fail,fail
qwen25-coder-32b,multi_pipe_4bit,s06,fail,fail,fail
qwen25-coder-32b,multi_pipe_4bit,s07,fail,fail,fail
qwen25-coder-32b,multi_pipe_4bit,s08,fail,fail,fail
qwen25-coder-32b,multi_pipe_4bit,s09,fail,fail,fail
qwen25-coder-32b,multi_pipe_8bit,s00,fail,fail,fail
qwen25-coder-32b,multi_pipe_8bit,s01,fail,fail,fail
qwen25-coder-32b,multi_pipe_8bit,s02,fail,fail,fail
qwen25-coder-32b,multi_pipe_8bit,s03,fail,fail,fail
qwen25-coder-32b,multi_pipe_8bit,s04,fail,fail,fail
qwen25-coder-32b,multi_pipe_8bit,s05,fail,fail,fail
qwen25-coder-32b,multi_pipe_8bit,s06,fail,fail,fail
qwen25-coder-32b,multi_pipe_8bit,s07,fail,fail,fail
qwen25-coder-32b,multi_pipe_8bit,s08,fail,fail,fail
qwen25-coder-32b,multi_pipe_8bit,s09,fail,fail,fail
qwen25-coder-32b,parallel2serial,s00,fail,fail,fail
qwen25-coder-32b,parallel2serial,s01,fail,fail,fail
qwen25-coder-32b,parallel2serial,s02,fail,fail,fail
qwen25-coder-32b,parallel2serial,s03,fail,fail,fail
qwen25-coder-32b,parallel2serial,s04,pass,pass,pass
qwen25-coder-32b,parallel2serial,s05,fail,fail,fail
qwen25-coder-32b,parallel2serial,s06,fail,fail,fail
qwen25-coder-32b,parallel2serial,s07,fail,fail,fail
qwen25-coder-32b,parallel2serial,s08,fail,fail,fail
qwen25-coder-32b,parallel2serial,s09,fail,fail,fail
qwen25-coder-32b,pe,s00,fail,fail,fail
qwen25-coder-32b,pe,s01,pass,pass,pass
qwen25-coder-32b,pe,s02,fail,fail,fail
qwen25-coder-32b,pe,s03,pass,pass,pass
qwen25-coder-32b,pe,s04,fail,fail,fail
qwen25-coder-32b,pe,s05,pass,pass,pass
qwen25-coder-32b,pe,s06,pass,pass,pass
qwen25-coder-32b,pe,s07,fail,fail,fail
qwen25-coder-32b,pe,s08,fail,fail,fail
qwen25-coder-32b,pe,s09,pass,pass,pass
qwen25-coder-32b,pulse_detect,s00,fail,fail,fail
qwen25-coder-32b,pulse_detect,s01,fail,fail,fail
qwen25-coder-32b,pulse_detect,s02,fail,fail,fail
qwen25-coder-32b,pulse_detect,s03,fail,fail,fail
qwen25-coder-32b,pulse_detect,s04,fail,fail,fail
qwen25-coder-32b,pulse_detect,s05,fail,fail,fail
qwen25-coder-32b,pulse_detect,s06,fail,fail,fail
qwen25-coder-32b,pulse_detect,s07,fail,fail,fail
qwen25-coder-32b,pulse_detect,s08,fail,fail,fail
qwen25-coder-32b,pulse_detect,s09,fail,fail,fail
qwen25-coder-32b,right_shifter,s00,pass,pass,pass
qwen25-coder-32b,right_shifter,s01,fail,fail,fail
qwen25-coder-32b,right_shifter,s02,pass,pass,pass
qwen25-coder-32b,right_shifter,s03,pass,pass,pass
qwen25-coder-32b,right_shifter,s04,fail,fail,fail
qwen25-coder-32b,right_shifter,s05,pass,pass,pass
qwen25-coder-32b,right_shifter,s06,pass,pass,pass
qwen25-coder-32b,right_shifter,s07,pass,pass,pass
qwen25-coder-32b,right_shifter,s08,pass,pass,pass
qwen25-coder-32b,right_shifter,s09,pass,pass,pass
qwen25-coder-32b,sequence_detector,s00,fail,fail,fail
qwen25-coder-32b,sequence_detector,s01,fail,fail,fail
qwen25-coder-32b,sequence_detector,s02,fail,fail,fail
qwen25-coder-32b,sequence_detector,s03,fail,fail,fail
qwen25-coder-32b,sequence_detector,s04,fail,fail,fail
qwen25-coder-32b,sequence_detector,s05,fail,fail,fail
qwen25-coder-32b,sequence_detector,s06,fail,fail,fail
qwen25-coder-32b,sequence_detector,s07,fail,fail,fail
qwen25-coder-32b,sequence_detector,s08,fail,fail,fail
qwen25-coder-32b,sequence_detector,s09,fail,fail,fail
qwen25-coder-32b,serial2parallel,s00,fail,fail,fail
qwen25-coder-32b,serial2parallel,s01,fail,fail,fail
qwen25-coder-32b,serial2parallel,s02,fail,fail,fail
qwen25-coder-32b,serial2parallel,s03,fail,fail,fail
qwen25-coder-32b,serial2parallel,s04,fail,fail,fail
qwen25-coder-32b,serial2parallel,s05,fail,fail,fail
qwen25-coder-32b,serial2parallel,s06,fail,fail,fail
qwen25-coder-32b,serial2parallel,s07,fail,fail,fail
qwen25-coder-32b,serial2parallel,s08,fail,fail,fail
qwen25-coder-32b,serial2parallel,s09,fail,fail,fail
qwen25-coder-32b,signal_generator,s00,pass,pass,pass
qwen25-coder-32b,signal_generator,s01,pass,pass,pass
qwen25-coder-32b,signal_generator,s02,fail,fail,fail
qwen25-coder-32b,signal_generator,s03,pass,pass,pass
qwen25-coder-32b,signal_generator,s04,pass,pass,pass
qwen25-coder-32b,signal_generator,s05,pass,pass,pass
qwen25-coder-32b,signal_generator,s06,pass,pass,pass
qwen25-coder-32b,signal_generator,s07,pass,pass,pass
qwen25-coder-32b,signal_generator,s08,pass,pass,pass
qwen25-coder-32b,signal_generator,s09,pass,pass,pass
qwen25-coder-32b,square_wave,s00,fail,fail,fail
qwen25-coder-32b,square_wave,s01,fail,fail,fail
qwen25-coder-32b,square_wave,s02,fail,fail,fail
qwen25-coder-32b,square_wave,s03,fail,fail,fail
qwen25-coder-32b,square_wave,s04,fail,fail,fail
qwen25-coder-32b,square_wave,s05,fail,fail,fail
qwen25-coder-32b,square_wave,s06,fail,fail,fail
qwen25-coder-32b,square_wave,s07,fail,fail,fail
qwen25-coder-32b,square_wave,s08,fail,fail,fail
qwen25-coder-32b,square_wave,s09,fail,fail,fail
qwen25-coder-32b,sub_64bit,s00,pass,pass,pass
qwen25-coder-32b,sub_64bit,s01,pass,pass,pass
qwen25-coder-32b,sub_64bit,s02,pass,pass,pass
qwen25-coder-32b,sub_64bit,s03,pass,pass,pass
qwen25-coder-32b,sub_64bit,s04,pass,pass,pass
qwen25-coder-32b,sub_64bit,s05,pass,pass,pass
qwen25-coder-32b,sub_64bit,s06,pass,pass,pass
qwen25-coder-32b,sub_64bit,s07,pass,pass,pass
qwen25-coder-32b,sub_64bit,s08,pass,pass,pass
qwen25-coder-32b,sub_64bit,s09,pass,pass,pass
qwen25-coder-32b,synchronizer,s00,pass,pass,fail
qwen25-coder-32b,synchronizer,s01,pass,pass,fail
qwen25-coder-32b,synchronizer,s02,pass,pass,fail
qwen25-coder-32b,synchronizer,s03,pass,pass,fail
qwen25-coder-32b,synchronizer,s04,pass,pass,fail
qwen25-coder-32b,synchronizer,s05,pass,pass,fail
qwen25-coder-32b,synchronizer,s06,pass,pass,fail
qwen25-coder-32b,synchronizer,s07,pass,pass,fail
qwen25-coder-32b,synchronizer,s08,pass,pass,fail
qwen25-coder-32b,synchronizer,s09,pass,pass,fail
qwen25-coder-32b,traffic_light,s00,fail,fail,fail
qwen25-coder-32b,traffic_light,s01,fail,fail,fail
qwen25-coder-32b,traffic_light,s02,fail,fail,fail
qwen25-coder-32b,traffic_light,s03,fail,fail,fail
qwen25-coder-32b,traffic_light,s04,fail,fail,fail
qwen25-coder-32b,traffic_light,s05,fail,fail,fail
qwen25-coder-32b,traffic_light,s06,fail,fail,fail
qwen25-coder-32b,traffic_light,s07,fail,fail,fail
qwen25-coder-32b,traffic_light,s08,fail,fail,fail
qwen25-coder-32b,traffic_light,s09,fail,fail,fail
qwen25-coder-32b,up_down_counter,s00,pass,pass,pass
qwen25-coder-32b,up_down_counter,s01,pass,pass,pass
qwen25-coder-32b,up_down_counter,s02,pass,pass,pass
qwen25-coder-32b,up_down_counter,s03,pass,pass,pass
qwen25-coder-32b,up_down_counter,s04,pass,pass,pass
qwen25-coder-32b,up_down_counter,s05,pass,pass,pass
qwen25-coder-32b,up_down_counter,s06,pass,pass,pass
qwen25-coder-32b,up_down_counter,s07,pass,pass,pass
qwen25-coder-32b,up_down_counter,s08,pass,pass,pass
qwen25-coder-32b,up_down_counter,s09,pass,pass,pass
qwen25-coder-32b,width_8to16,s00,fail,fail,fail
qwen25-coder-32b,width_8to16,s01,pass,pass,pass
qwen25-coder-32b,width_8to16,s02,fail,fail,fail
qwen25-coder-32b,width_8to16,s03,fail,fail,fail
qwen25-coder-32b,width_8to16,s04,fail,fail,fail
qwen25-coder-32b,width_8to16,s05,pass,pass,pass
qwen25-coder-32b,width_8to16,s06,fail,fail,fail
qwen25-coder-32b,width_8to16,s07,pass,pass,pass
qwen25-coder-32b,width_8to16,s08,fail,fail,fail
qwen25-coder-32b,width_8to16,s09,pass,pass,pass
qwen38-27b,JC_counter,s00,pass,pass,pass
qwen38-27b,JC_counter,s01,pass,pass,pass
qwen38-27b,JC_counter,s02,pass,pass,pass
qwen38-27b,JC_counter,s03,pass,pass,pass
qwen38-27b,JC_counter,s04,pass,pass,pass
qwen38-27b,LFSR,s00,pass,pass,pass
qwen38-27b,LFSR,s01,pass,pass,pass
qwen38-27b,LFSR,s02,pass,pass,pass
qwen38-27b,LFSR,s03,pass,pass,pass
qwen38-27b,LFSR,s04,pass,pass,pass
qwen38-27b,RAM,s00,fail,fail,fail
qwen38-27b,RAM,s01,fail,fail,fail
qwen38-27b,RAM,s02,fail,fail,fail
qwen38-27b,RAM,s03,fail,fail,fail
qwen38-27b,RAM,s04,fail,fail,fail
qwen38-27b,ROM,s00,fail,fail,fail
qwen38-27b,ROM,s01,fail,fail,fail
qwen38-27b,ROM,s02,fail,fail,fail
qwen38-27b,ROM,s03,fail,fail,fail
qwen38-27b,ROM,s04,pass,pass,pass
qwen38-27b,accu,s00,fail,fail,fail
qwen38-27b,accu,s01,fail,fail,fail
qwen38-27b,accu,s02,fail,fail,fail
qwen38-27b,accu,s03,fail,fail,fail
qwen38-27b,accu,s04,fail,fail,fail
qwen38-27b,adder_16bit,s00,fail,fail,fail
qwen38-27b,adder_16bit,s01,pass,pass,pass
qwen38-27b,adder_16bit,s02,pass,pass,pass
qwen38-27b,adder_16bit,s03,fail,fail,fail
qwen38-27b,adder_16bit,s04,pass,pass,pass
qwen38-27b,adder_32bit,s00,pass,pass,pass
qwen38-27b,adder_32bit,s01,fail,fail,fail
qwen38-27b,adder_32bit,s02,fail,fail,fail
qwen38-27b,adder_32bit,s03,pass,pass,pass
qwen38-27b,adder_32bit,s04,pass,pass,pass
qwen38-27b,adder_8bit,s00,pass,pass,pass
qwen38-27b,adder_8bit,s01,pass,pass,pass
qwen38-27b,adder_8bit,s02,pass,pass,pass
qwen38-27b,adder_8bit,s03,pass,pass,pass
qwen38-27b,adder_8bit,s04,pass,pass,pass
qwen38-27b,adder_bcd,s00,pass,pass,pass
qwen38-27b,adder_bcd,s01,pass,pass,pass
qwen38-27b,adder_bcd,s02,pass,pass,pass
qwen38-27b,adder_bcd,s03,pass,pass,pass
qwen38-27b,adder_bcd,s04,pass,pass,pass
qwen38-27b,adder_pipe_64bit,s00,fail,fail,fail
qwen38-27b,adder_pipe_64bit,s01,fail,fail,fail
qwen38-27b,adder_pipe_64bit,s02,fail,fail,fail
qwen38-27b,adder_pipe_64bit,s03,fail,fail,fail
qwen38-27b,adder_pipe_64bit,s04,fail,fail,fail
qwen38-27b,alu,s00,fail,fail,fail
qwen38-27b,alu,s01,fail,fail,fail
qwen38-27b,alu,s02,fail,fail,fail
qwen38-27b,alu,s03,fail,fail,fail
qwen38-27b,alu,s04,fail,fail,fail
qwen38-27b,barrel_shifter,s00,fail,fail,fail
qwen38-27b,barrel_shifter,s01,fail,fail,fail
qwen38-27b,barrel_shifter,s02,pass,pass,pass
qwen38-27b,barrel_shifter,s03,pass,pass,pass
qwen38-27b,barrel_shifter,s04,pass,pass,pass
qwen38-27b,calendar,s00,pass,pass,pass
qwen38-27b,calendar,s01,pass,pass,pass
qwen38-27b,calendar,s02,pass,pass,pass
qwen38-27b,calendar,s03,pass,pass,pass
qwen38-27b,calendar,s04,pass,pass,pass
qwen38-27b,comparator_3bit,s00,pass,pass,pass
qwen38-27b,comparator_3bit,s01,pass,pass,pass
qwen38-27b,comparator_3bit,s02,pass,pass,pass
qwen38-27b,comparator_3bit,s03,pass,pass,pass
qwen38-27b,comparator_3bit,s04,pass,pass,pass
qwen38-27b,comparator_4bit,s00,pass,pass,pass
qwen38-27b,comparator_4bit,s01,pass,pass,pass
qwen38-27b,comparator_4bit,s02,pass,pass,pass
qwen38-27b,comparator_4bit,s03,pass,pass,pass
qwen38-27b,comparator_4bit,s04,pass,pass,pass
qwen38-27b,counter_12,s00,pass,pass,pass
qwen38-27b,counter_12,s01,pass,pass,pass
qwen38-27b,counter_12,s02,pass,pass,pass
qwen38-27b,counter_12,s03,fail,fail,fail
qwen38-27b,counter_12,s04,pass,pass,pass
qwen38-27b,div_16bit,s00,fail,fail,fail
qwen38-27b,div_16bit,s01,fail,fail,fail
qwen38-27b,div_16bit,s02,fail,fail,fail
qwen38-27b,div_16bit,s03,fail,fail,fail
qwen38-27b,div_16bit,s04,fail,fail,fail
qwen38-27b,edge_detect,s00,pass,pass,pass
qwen38-27b,edge_detect,s01,pass,pass,pass
qwen38-27b,edge_detect,s02,pass,pass,pass
qwen38-27b,edge_detect,s03,fail,fail,fail
qwen38-27b,edge_detect,s04,fail,fail,fail
qwen38-27b,fixed_point_adder,s00,fail,fail,fail
qwen38-27b,fixed_point_adder,s01,fail,fail,fail
qwen38-27b,fixed_point_adder,s02,fail,fail,fail
qwen38-27b,fixed_point_adder,s03,fail,fail,fail
qwen38-27b,fixed_point_adder,s04,fail,fail,fail
qwen38-27b,fixed_point_substractor,s00,fail,fail,fail
qwen38-27b,fixed_point_substractor,s01,fail,fail,fail
qwen38-27b,fixed_point_substractor,s02,fail,fail,fail
qwen38-27b,fixed_point_substractor,s03,fail,fail,fail
qwen38-27b,fixed_point_substractor,s04,fail,fail,fail
qwen38-27b,float_multi,s00,fail,fail,fail
qwen38-27b,float_multi,s01,fail,fail,fail
qwen38-27b,float_multi,s02,fail,fail,fail
qwen38-27b,float_multi,s03,fail,fail,fail
qwen38-27b,float_multi,s04,fail,fail,fail
qwen38-27b,freq_div,s00,pass,pass,pass
qwen38-27b,freq_div,s01,pass,pass,pass
qwen38-27b,freq_div,s02,pass,pass,pass
qwen38-27b,freq_div,s03,pass,pass,pass
qwen38-27b,freq_div,s04,pass,pass,pass
qwen38-27b,freq_divbyeven,s00,fail,fail,fail
qwen38-27b,freq_divbyeven,s01,fail,fail,fail
qwen38-27b,freq_divbyeven,s02,fail,fail,fail
qwen38-27b,freq_divbyeven,s03,fail,fail,fail
qwen38-27b,freq_divbyeven,s04,fail,fail,fail
qwen38-27b,freq_divbyfrac,s00,fail,fail,fail
qwen38-27b,freq_divbyfrac,s01,fail,fail,fail
qwen38-27b,freq_divbyfrac,s02,fail,fail,fail
qwen38-27b,freq_divbyfrac,s03,fail,fail,fail
qwen38-27b,freq_divbyfrac,s04,fail,fail,fail
qwen38-27b,freq_divbyodd,s00,fail,fail,fail
qwen38-27b,freq_divbyodd,s01,fail,fail,fail
qwen38-27b,freq_divbyodd,s02,fail,fail,fail
qwen38-27b,freq_divbyodd,s03,fail,fail,fail
qwen38-27b,freq_divbyodd,s04,fail,fail,fail
qwen38-27b,fsm,s00,fail,fail,fail
qwen38-27b,fsm,s01,fail,fail,fail
qwen38-27b,fsm,s02,fail,fail,fail
qwen38-27b,fsm,s03,fail,fail,fail
qwen38-27b,fsm,s04,fail,fail,fail
qwen38-27b,instr_reg,s00,pass,pass,pass
qwen38-27b,instr_reg,s01,pass,pass,pass
qwen38-27b,instr_reg,s02,pass,pass,pass
qwen38-27b,instr_reg,s03,pass,pass,pass
qwen38-27b,instr_reg,s04,pass,pass,pass
qwen38-27b,multi_16bit,s00,fail,fail,fail
qwen38-27b,multi_16bit,s01,fail,fail,fail
qwen38-27b,multi_16bit,s02,fail,fail,fail
qwen38-27b,multi_16bit,s03,fail,fail,fail
qwen38-27b,multi_16bit,s04,fail,fail,fail
qwen38-27b,multi_8bit,s00,fail,fail,fail
qwen38-27b,multi_8bit,s01,pass,pass,pass
qwen38-27b,multi_8bit,s02,pass,pass,pass
qwen38-27b,multi_8bit,s03,fail,fail,fail
qwen38-27b,multi_8bit,s04,fail,fail,fail
qwen38-27b,multi_booth_8bit,s00,pass,pass,pass
qwen38-27b,multi_booth_8bit,s01,pass,pass,pass
qwen38-27b,multi_booth_8bit,s02,pass,pass,pass
qwen38-27b,multi_booth_8bit,s03,fail,fail,fail
qwen38-27b,multi_booth_8bit,s04,pass,pass,pass
qwen38-27b,multi_pipe_4bit,s00,fail,fail,fail
qwen38-27b,multi_pipe_4bit,s01,fail,fail,fail
qwen38-27b,multi_pipe_4bit,s02,fail,fail,fail
qwen38-27b,multi_pipe_4bit,s03,fail,fail,fail
qwen38-27b,multi_pipe_4bit,s04,fail,fail,fail
qwen38-27b,multi_pipe_8bit,s00,fail,fail,fail
qwen38-27b,multi_pipe_8bit,s01,fail,fail,fail
qwen38-27b,multi_pipe_8bit,s02,fail,fail,fail
qwen38-27b,multi_pipe_8bit,s03,fail,fail,fail
qwen38-27b,multi_pipe_8bit,s04,fail,fail,fail
qwen38-27b,parallel2serial,s00,fail,fail,fail
qwen38-27b,parallel2serial,s01,fail,fail,fail
qwen38-27b,parallel2serial,s02,fail,fail,fail
qwen38-27b,parallel2serial,s03,pass,pass,pass
qwen38-27b,parallel2serial,s04,pass,pass,pass
qwen38-27b,pe,s00,pass,pass,pass
qwen38-27b,pe,s01,pass,pass,pass
qwen38-27b,pe,s02,fail,fail,fail
qwen38-27b,pe,s03,pass,pass,pass
qwen38-27b,pe,s04,pass,pass,pass
qwen38-27b,pulse_detect,s00,fail,fail,fail
qwen38-27b,pulse_detect,s01,fail,fail,fail
qwen38-27b,pulse_detect,s02,fail,fail,fail
qwen38-27b,pulse_detect,s03,fail,fail,fail
qwen38-27b,pulse_detect,s04,fail,fail,fail
qwen38-27b,right_shifter,s00,pass,pass,pass
qwen38-27b,right_shifter,s01,pass,pass,pass
qwen38-27b,right_shifter,s02,pass,pass,pass
qwen38-27b,right_shifter,s03,pass,pass,pass
qwen38-27b,right_shifter,s04,pass,pass,pass
qwen38-27b,sequence_detector,s00,fail,fail,fail
qwen38-27b,sequence_detector,s01,fail,fail,fail
qwen38-27b,sequence_detector,s02,fail,fail,fail
qwen38-27b,sequence_detector,s03,fail,fail,fail
qwen38-27b,sequence_detector,s04,fail,fail,fail
qwen38-27b,serial2parallel,s00,fail,fail,fail
qwen38-27b,serial2parallel,s01,fail,fail,fail
qwen38-27b,serial2parallel,s02,fail,fail,fail
qwen38-27b,serial2parallel,s03,fail,fail,fail
qwen38-27b,serial2parallel,s04,fail,fail,fail
qwen38-27b,signal_generator,s00,pass,pass,pass
qwen38-27b,signal_generator,s01,fail,fail,fail
qwen38-27b,signal_generator,s02,fail,fail,fail
qwen38-27b,signal_generator,s03,pass,pass,pass
qwen38-27b,signal_generator,s04,fail,fail,fail
qwen38-27b,square_wave,s00,fail,fail,fail
qwen38-27b,square_wave,s01,pass,pass,pass
qwen38-27b,square_wave,s02,fail,fail,fail
qwen38-27b,square_wave,s03,fail,fail,fail
qwen38-27b,square_wave,s04,pass,pass,pass
qwen38-27b,sub_64bit,s00,pass,pass,pass
qwen38-27b,sub_64bit,s01,pass,pass,pass
qwen38-27b,sub_64bit,s02,pass,pass,pass
qwen38-27b,sub_64bit,s03,pass,pass,pass
qwen38-27b,sub_64bit,s04,pass,pass,pass
qwen38-27b,synchronizer,s00,pass,pass,fail
qwen38-27b,synchronizer,s01,pass,pass,fail
qwen38-27b,synchronizer,s02,pass,pass,fail
qwen38-27b,synchronizer,s03,pass,pass,fail
qwen38-27b,synchronizer,s04,fail,fail,fail
qwen38-27b,traffic_light,s00,fail,fail,fail
qwen38-27b,traffic_light,s01,fail,fail,fail
qwen38-27b,traffic_light,s02,fail,fail,fail
qwen38-27b,traffic_light,s03,fail,fail,fail
qwen38-27b,traffic_light,s04,fail,fail,fail
qwen38-27b,up_down_counter,s00,pass,pass,pass
qwen38-27b,up_down_counter,s01,pass,pass,pass
qwen38-27b,up_down_counter,s02,pass,pass,pass
qwen38-27b,up_down_counter,s03,pass,pass,pass
qwen38-27b,up_down_counter,s04,pass,pass,pass
qwen38-27b,width_8to16,s00,pass,pass,pass
qwen38-27b,width_8to16,s01,pass,pass,pass
qwen38-27b,width_8to16,s02,pass,pass,pass
qwen38-27b,width_8to16,s03,pass,pass,pass
qwen38-27b,width_8to16,s04,pass,pass,pass
